source,target,tweet_id,type,weight
#idealism,#communism,1227600663280017409,cooccur,1
#idealism,#fascism,1227600663280017409,cooccur,1
#actonclimate,#gretathunberg,1230805035023503360,cooccur,1
#actonclimate,#climateemergencynow,1230805035023503360,cooccur,1
#actonclimate,#fridaysforfuture,1230805035023503360,cooccur,1
#actonclimate,#climatechangeisreal,1230805035023503360,cooccur,1
#actonclimate,#climateemergency,1230805035023503360,cooccur,1
#voteleave,#arronbanks,1230776308751372289,cooccur,1
#climatechange,#cvi,1229470428277723138,cooccur,1
#chainsaw_prince,#jamalkhashoggi,1226572857066565632,cooccur,1
#climateemergency,#gretathunberg,1230805035023503360,cooccur,1
#climateemergency,#fridaysforfuture,1230805035023503360,cooccur,1
#nevadacaucus,#nvcaucus,1231417079783469056,cooccur,1
#nevadacaucus,#berniesanders,1231417079783469056,cooccur,1
#nevadacaucus,#nvcaucus2020,1231417079783469056,cooccur,1
#nevadacaucus,#bernie2020,1231417079783469056,cooccur,1
#nevadacaucus,#nvdemscaucus,1231417079783469056,cooccur,1
#parliamentsquare,#brexitday,1223721636744040448,cooccur,1
#parliamentsquare,#independenceday,1223721636744040448,cooccur,1
#parliamentsquare,#freedom,1223721636744040448,cooccur,1
#parliamentsquare,#brexitparty,1223721636744040448,cooccur,1
#jeffersonian,#bywhatstandard,1226340515328798721,cooccur,1
#farright,#brexit,1230850519519973377,cooccur,1
#farright,#matthewelliott,1230776308751372289,cooccur,1
#farright,#actonclimate,1230805035023503360,cooccur,1
#farright,#climateactionnow,1230805035023503360,cooccur,1
#farright,#covid19italy,1233312018523926528,cooccur,1
#farright,#racism,1230850519519973377,cooccur,1
#farright,#debt,1230850519519973377,cooccur,1
#farright,#voteleave,1230776308751372289,cooccur,1
#farright,#covidー19,1233312018523926528,cooccur,1
#farright,#climateemergency,1230805035023503360,cooccur,1
#farright,#covid,1233312018523926528,cooccur,1
#farright,#deforestation,1230805035023503360,cooccur,1
#farright,#gove,1230776308751372289,cooccur,1
#farright,#covid2019,1233312018523926528,cooccur,1
#farright,#russia,1230776308751372289,cooccur,1
#farright,#taxpayeralliance,1230776308751372289,cooccur,1
#farright,#climatechangeisreal,1230805035023503360,cooccur,1
#farright,#farage,1230776308751372289,cooccur,1
#farright,#stevebannon,1230776308751372289,cooccur,1
#farright,#fridaysforfuture,1230805035023503360,cooccur,1
#farright,#arronbanks,1230776308751372289,cooccur,1
#farright,#tuftonstreet,1230776308751372289,cooccur,1
#farright,#radicalright,1225049239673344000,cooccur,1
#farright,#borisjohnon,1230776308751372289,cooccur,1
#farright,#rightwingpopulism,1225049239673344000,cooccur,1
#farright,#rightwing,1231195845804118017,cooccur,1
#farright,#newworldorder,1230850519519973377,cooccur,1
#farright,#moneylaundering,1230850519519973377,cooccur,1
#farright,#gretathunberg,1230805035023503360,cooccur,1
#farright,#climateemergencynow,1230805035023503360,cooccur,1
#farright,#ukip,1230776308751372289,cooccur,1
#farright,#brexitcentral,1230776308751372289,cooccur,1
#farright,#fraud,1230850519519973377,cooccur,1
#antiintellectualism,#fearmongering,1232646840488726528,cooccur,1
#radicalright,#rightwingpopulism,1225049239673344000,cooccur,1
#nvcaucus2020,#nvdemscaucus,1231417079783469056,cooccur,1
#mypics,#picoftheday,1229306262258667521,cooccur,1
#mypics,#throwbackphoto,1229306262258667521,cooccur,1
#progession,#tribalism,1227995386293506049,cooccur,1
#identity,#hanau,1232601275692453888,cooccur,1
#sovereignty,#qanon,1224225455990964226,cooccur,1
#sovereignty,#academicchatter,1226931101702270977,cooccur,1
#sovereignty,#independence,1226931101702270977,cooccur,1
#plutocracy,#neoliberalism,1232777785258717184,cooccur,1
#plutocracy,#democracy,1232777785258717184,cooccur,1
#plutocracy,#inequality,1232777785258717184,cooccur,1
#taxpayeralliance,#tuftonstreet,1230776308751372289,cooccur,1
#taxpayeralliance,#voteleave,1230776308751372289,cooccur,1
#taxpayeralliance,#brexitcentral,1230776308751372289,cooccur,1
#taxpayeralliance,#arronbanks,1230776308751372289,cooccur,1
#taxpayeralliance,#ukip,1230776308751372289,cooccur,1
#slovakia,#academictwitter,1233465303583117314,cooccur,1
#economy,#finance,1232070320896593921,cooccur,1
#dublin,#ireland,1230233971486810113,cooccur,1
#dublin,#sinnfein,1230233971486810113,cooccur,1
#dublin,#racism,1230233971486810113,cooccur,1
#dublin,#hate,1230233971486810113,cooccur,1
#dublin,#antisemitic,1230233971486810113,cooccur,1
#dublin,#antisemitism,1230233971486810113,cooccur,1
#dublin,#jewish,1230233971486810113,cooccur,1
#dublin,#politics,1230233971486810113,cooccur,1
#dublin,#israel,1230233971486810113,cooccur,1
#berniesanders2020,#ifb,1227889321887387649,cooccur,1
#berniesanders2020,#ados,1227508772467200002,cooccur,1
#korea,#covid,1232865213583462400,cooccur,1
#korea,#corona,1232865213583462400,cooccur,1
#votes,#brexit,1233248020159963137,cooccur,1
#votes,#democracy,1233248020159963137,cooccur,1
#photooftheday,#mypics,1229306262258667521,cooccur,1
#photooftheday,#throwbackphoto,1229306262258667521,cooccur,1
#photooftheday,#picoftheday,1229306262258667521,cooccur,1
#hatespeech,#humantrafficking,1224356825895710721,cooccur,1
#democracy,#brexit,1233248020159963137,cooccur,1
#democracy,#humantrafficking,1224356825895710721,cooccur,1
#democracy,#ireland,1226957338868961282,cooccur,1
#democracy,#communist,1226957338868961282,cooccur,1
#democracy,#massimolatorre,1226919147147350019,cooccur,1
#democracy,#authoritarianism,1233324547845156865,cooccur,1
#democracy,#communities,1228282015839137794,cooccur,1
#democracy,#southafrica,1225092364215242753,cooccur,1
#democracy,#citizens,1228282015839137794,cooccur,1
#democracy,#race,1225092364215242753,cooccur,1
#democracy,#hatespeech,1224356825895710721,cooccur,1
#democracy,#tytlive,1228630845604401158,cooccur,1
#democracy,#freedomofspeech,1224600702477008896,cooccur,1
#democracy,#resistance,1228413201890598914,cooccur,1
#democracy,#instability,1227369717175812096,cooccur,1
#democracy,#poverty,1225092364215242753,cooccur,1
#democracy,#freedom,1226957338868961282,cooccur,1
#democracy,#republicanparty,1231168513181487104,cooccur,1
#democracy,#cdnpoli,1230036978869002240,cooccur,1
#democracy,#peace,1227369717175812096,cooccur,1
#democracy,#farright,1233324547845156865,cooccur,1
#democracy,#citizensassembly,1228645421104451585,cooccur,1
#democracy,#mondialism,1227369717175812096,cooccur,1
#democracy,#class,1225092364215242753,cooccur,1
#democracy,#inequality,1225092364215242753,cooccur,1
#democracy,#seculartalk,1228630845604401158,cooccur,1
#democracy,#democraticdebate,1228630845604401158,cooccur,1
#democracy,#irish,1226957338868961282,cooccur,1
#democracy,#immigration,1227369717175812096,cooccur,1
#democracy,#diversity,1227369717175812096,cooccur,1
#democracy,#internationalrelations,1227369717175812096,cooccur,1
#democracy,#risers,1228630845604401158,cooccur,1
#populismo,#italexit,1223765286043734016,cooccur,1
#populismo,#semiotics,1228019568892882950,cooccur,1
#populismo,#semiotica,1228019568892882950,cooccur,1
#populismo,#politica,1228019568892882950,cooccur,1
#spain,#gilletsjaunes,1224257809317007362,cooccur,1
#spain,#globalism,1224257809317007362,cooccur,1
#spain,#death,1224257809317007362,cooccur,1
#covid2019,#covid,1233312018523926528,cooccur,1
#covid2019,#covid19italy,1233312018523926528,cooccur,1
#antipopulism,#civility,1228243504138076160,cooccur,1
#notmypm,#rightwingcoup,1223594009962205186,cooccur,1
#反グレjapan,#partisanship,1227793571505307649,cooccur,1
#反グレjapan,#八ッ場ダム,1227793571505307649,cooccur,1
#justice,#pain,1225539333161209856,cooccur,1
#stopthehate,#keephopealive,1228692968888033281,cooccur,1
#stopthehate,#love,1228692968888033281,cooccur,1
#stopthehate,#berniesanders2020,1227889321887387649,cooccur,1
#stopthehate,#revolucionviva,1228692968888033281,cooccur,1
#stopthehate,#ados,1227508772467200002,cooccur,1
#stopthehate,#2ndamendment,1228692968888033281,cooccur,1
#stopthehate,#vivalarevelución,1227889321887387649,cooccur,1
#stopthehate,#ifb,1227889321887387649,cooccur,1
#stopthehate,#itslove,1227889321887387649,cooccur,1
#stopthehate,#blackhistorymonth,1227889321887387649,cooccur,1
#stopthehate,#capitalism,1228692968888033281,cooccur,1
#stopthehate,#corporateaccountability,1228692968888033281,cooccur,1
#seculartalk,#democraticdebate,1228630845604401158,cooccur,1
#seculartalk,#authoritarianism,1228630845604401158,cooccur,1
#mondialism,#instability,1227369717175812096,cooccur,1
#mondialism,#immigration,1227369717175812096,cooccur,1
#mondialism,#diversity,1227369717175812096,cooccur,1
#mondialism,#internationalrelations,1227369717175812096,cooccur,1
#mondialism,#peace,1227369717175812096,cooccur,1
#ecprgc20,#extremism,1224271646502146049,cooccur,1
#ecprgc20,#socialmovements,1224271646502146049,cooccur,1
#ecprgc20,#radicalism,1224271646502146049,cooccur,1
#inequality,#transparency,1232070320896593921,cooccur,1
#inequality,#nationalism,1229039472731402240,cooccur,1
#inequality,#democracy,1232777785258717184,cooccur,1
#inequality,#inflation,1232070320896593921,cooccur,1
#inequality,#hospital,1232070320896593921,cooccur,1
#inequality,#finance,1232070320896593921,cooccur,1
#inequality,#wage,1232070320896593921,cooccur,1
#inequality,#economy,1232070320896593921,cooccur,1
#inequality,#governance,1232070320896593921,cooccur,1
#borisjohnon,#tuftonstreet,1230776308751372289,cooccur,1
#borisjohnon,#voteleave,1230776308751372289,cooccur,1
#borisjohnon,#arronbanks,1230776308751372289,cooccur,1
#borisjohnon,#taxpayeralliance,1230776308751372289,cooccur,1
#borisjohnon,#russia,1230776308751372289,cooccur,1
#borisjohnon,#brexitcentral,1230776308751372289,cooccur,1
#borisjohnon,#ukip,1230776308751372289,cooccur,1
#brexitreality,#johnson,1229015514850177029,cooccur,1
#hongkong,#democracy,1228586920701071360,cooccur,1
#itslove,#vivalarevelución,1227889321887387649,cooccur,1
#itslove,#ifb,1227889321887387649,cooccur,1
#itslove,#ados,1227508772467200002,cooccur,1
#itslove,#blackhistorymonth,1227889321887387649,cooccur,1
#itslove,#berniesanders2020,1227889321887387649,cooccur,1
#cohesion,#eescplenary,1230439382953361416,cooccur,1
#cohesion,#euco,1230439382953361416,cooccur,1
#donaldtrump,#populists,1226871105111175170,cooccur,1
#donaldtrump,#borisjohnson,1226871105111175170,cooccur,1
#abpoli,#fail,1229550322168676352,cooccur,1
#abpoli,#yeg,1229550322168676352,cooccur,1
#abpoli,#yyc,1229550322168676352,cooccur,1
#abpoli,#onpoli,1229054875885068288,cooccur,1
#frontier,#colonial,1232107780112338947,cooccur,1
#frontier,#trump,1232107780112338947,cooccur,1
#frontier,#nationalism,1232107780112338947,cooccur,1
#charactermatters,#tiredofcults,1231727247305785344,cooccur,1
#matthewelliott,#tuftonstreet,1230776308751372289,cooccur,1
#matthewelliott,#voteleave,1230776308751372289,cooccur,1
#matthewelliott,#arronbanks,1230776308751372289,cooccur,1
#matthewelliott,#gove,1230776308751372289,cooccur,1
#matthewelliott,#borisjohnon,1230776308751372289,cooccur,1
#matthewelliott,#taxpayeralliance,1230776308751372289,cooccur,1
#matthewelliott,#ukip,1230776308751372289,cooccur,1
#matthewelliott,#russia,1230776308751372289,cooccur,1
#matthewelliott,#brexitcentral,1230776308751372289,cooccur,1
#matthewelliott,#farage,1230776308751372289,cooccur,1
#ひるおび,#partisanship,1227793571505307649,cooccur,1
#ひるおび,#反グレjapan,1227793571505307649,cooccur,1
#ひるおび,#八ッ場ダム,1227793571505307649,cooccur,1
#cdu,#farright,1225053464981577729,cooccur,1
#cdu,#rightwing,1225053464981577729,cooccur,1
#cdu,#nationalism,1226875533352472576,cooccur,1
#industry40,#circulareconomy,1228281228970930176,cooccur,1
#industry40,#constitutionalreforms,1228281228970930176,cooccur,1
#industry40,#polscienceresearch,1228281228970930176,cooccur,1
#tytlive,#seculartalk,1228630845604401158,cooccur,1
#tytlive,#democraticdebate,1228630845604401158,cooccur,1
#tytlive,#authoritarianism,1228630845604401158,cooccur,1
#m4a,#gnd,1232553098247200770,cooccur,1
#cdnpoli,#idu,1224012472299986946,cooccur,1
#cannabis,#craftcannabis,1224385074562502658,cooccur,1
#cannabis,#people,1224385074562502658,cooccur,1
#globalization,#nationalism,1229039472731402240,cooccur,1
#globalization,#globalism,1229039472731402240,cooccur,1
#globalization,#inequality,1229039472731402240,cooccur,1
#notmybrexit,#rightwingcoup,1223594009962205186,cooccur,1
#notmybrexit,#notmypm,1223594009962205186,cooccur,1
#tuftonstreet,#voteleave,1230776308751372289,cooccur,1
#tuftonstreet,#brexitcentral,1230776308751372289,cooccur,1
#tuftonstreet,#arronbanks,1230776308751372289,cooccur,1
#tuftonstreet,#ukip,1230776308751372289,cooccur,1
#nationalsocialism,#ge2020,1227704520119062529,cooccur,1
#newzealand,#intolerance,1230744188443975682,cooccur,1
#newzealand,#nz,1230744188443975682,cooccur,1
#newzealand,#rwterriorism,1230744188443975682,cooccur,1
#newzealand,#nzpol,1230744188443975682,cooccur,1
#newzealand,#timemagazine,1230744188443975682,cooccur,1
#newzealand,#fascism,1230744188443975682,cooccur,1
#rightwingpopulism,#leftwingpopulism,1233047981659709440,cooccur,1
#awaken,#comedy,1230994254652231680,cooccur,1
#awaken,#representus,1232517844702781441,cooccur,1
#awaken,#podcast,1230994254652231680,cooccur,1
#awaken,#news,1227341824836218881,cooccur,1
#awaken,#truth,1232517844702781441,cooccur,1
#awaken,#journalism,1232517844702781441,cooccur,1
#xenophobic,#covid19,1232646840488726528,cooccur,1
#xenophobic,#fearmongering,1232646840488726528,cooccur,1
#xenophobic,#antiintellectualism,1232646840488726528,cooccur,1
#venezuela,#crime,1232280888769204224,cooccur,1
#venezuela,#socialism,1225583525606219776,cooccur,1
#riskmanagement,#八ッ場ダム,1227793571505307649,cooccur,1
#riskmanagement,#危機管理,1227793571505307649,cooccur,1
#riskmanagement,#さかなクン,1227793571505307649,cooccur,1
#riskmanagement,#辻本,1227793571505307649,cooccur,1
#riskmanagement,#partisanship,1227793571505307649,cooccur,1
#riskmanagement,#国会,1227793571505307649,cooccur,1
#riskmanagement,#反グレjapan,1227793571505307649,cooccur,1
#riskmanagement,#ひるおび,1227793571505307649,cooccur,1
#immigration,#instability,1227369717175812096,cooccur,1
#immigration,#nationalism,1228690616516775936,cooccur,1
#immigration,#diversity,1227369717175812096,cooccur,1
#immigration,#internationalrelations,1227369717175812096,cooccur,1
#immigration,#peace,1227369717175812096,cooccur,1
#polscienceresearch,#constitutionalreforms,1228281228970930176,cooccur,1
#constitutionalist,#socialism,1224446472017432576,cooccur,1
#constitutionalist,#libertarian,1224446472017432576,cooccur,1
#selfrule,#individualism,1223484208498253831,cooccur,1
#selfrule,#minorityrights,1223484208498253831,cooccur,1
#selfrule,#nationalism,1223484208498253831,cooccur,1
#selfrule,#republic,1223484208498253831,cooccur,1
#selfrule,#separatism,1223484208498253831,cooccur,1
#selfrule,#socereign,1223484208498253831,cooccur,1
#selfrule,#basicrights,1223484208498253831,cooccur,1
#selfrule,#humanrights,1223484208498253831,cooccur,1
#duterte,#politics,1230737929699377153,cooccur,1
#duterte,#crisis,1230737929699377153,cooccur,1
#duterte,#health,1230737929699377153,cooccur,1
#duterte,#racism,1230737929699377153,cooccur,1
#fraud,#stevebannon,1230776308751372289,cooccur,1
#fraud,#matthewelliott,1230776308751372289,cooccur,1
#fraud,#farage,1230776308751372289,cooccur,1
#fraud,#arronbanks,1230776308751372289,cooccur,1
#fraud,#racism,1230850519519973377,cooccur,1
#fraud,#borisjohnon,1230776308751372289,cooccur,1
#fraud,#debt,1230850519519973377,cooccur,1
#fraud,#voteleave,1230776308751372289,cooccur,1
#fraud,#tuftonstreet,1230776308751372289,cooccur,1
#fraud,#newworldorder,1230850519519973377,cooccur,1
#fraud,#moneylaundering,1230850519519973377,cooccur,1
#fraud,#gove,1230776308751372289,cooccur,1
#fraud,#taxpayeralliance,1230776308751372289,cooccur,1
#fraud,#russia,1230776308751372289,cooccur,1
#fraud,#brexitcentral,1230776308751372289,cooccur,1
#fraud,#ukip,1230776308751372289,cooccur,1
#nevertrump,#tiredofcults,1231727247305785344,cooccur,1
#nevertrump,#charactermatters,1231727247305785344,cooccur,1
#bergoglio,#chiesa,1231596347469508608,cooccur,1
#liberalism,#democracy,1227369717175812096,cooccur,1
#liberalism,#mondialism,1227369717175812096,cooccur,1
#liberalism,#authoritarianism,1227369717175812096,cooccur,1
#liberalism,#instability,1227369717175812096,cooccur,1
#liberalism,#immigration,1227369717175812096,cooccur,1
#liberalism,#diversity,1227369717175812096,cooccur,1
#liberalism,#internationalrelations,1227369717175812096,cooccur,1
#liberalism,#peace,1227369717175812096,cooccur,1
#education,#transparency,1232070320896593921,cooccur,1
#education,#healthcare,1232070320896593921,cooccur,1
#education,#inflation,1232070320896593921,cooccur,1
#education,#inequality,1232070320896593921,cooccur,1
#education,#wage,1232070320896593921,cooccur,1
#education,#hospital,1232070320896593921,cooccur,1
#education,#finance,1232070320896593921,cooccur,1
#education,#housing,1224721036706484227,cooccur,1
#education,#economy,1232070320896593921,cooccur,1
#education,#governance,1232070320896593921,cooccur,1
#brexit,#matthewelliott,1230776308751372289,cooccur,1
#brexit,#objectivist,1225416219215396865,cooccur,1
#brexit,#qanon,1224225455990964226,cooccur,1
#brexit,#arronbanks,1230776308751372289,cooccur,1
#brexit,#racism,1230850519519973377,cooccur,1
#brexit,#debt,1230850519519973377,cooccur,1
#brexit,#resistance,1228413201890598914,cooccur,1
#brexit,#independenceday,1223721636744040448,cooccur,1
#brexit,#voteleave,1230776308751372289,cooccur,1
#brexit,#newworldorder,1230850519519973377,cooccur,1
#brexit,#gove,1230776308751372289,cooccur,1
#brexit,#parliamentsquare,1223721636744040448,cooccur,1
#brexit,#freedom,1223721636744040448,cooccur,1
#brexit,#russia,1230776308751372289,cooccur,1
#brexit,#taxpayeralliance,1230776308751372289,cooccur,1
#brexit,#cdnpoli,1225416219215396865,cooccur,1
#brexit,#ukip,1230776308751372289,cooccur,1
#brexit,#stevebannon,1230776308751372289,cooccur,1
#brexit,#democracy,1228413201890598914,cooccur,1
#brexit,#farage,1230776308751372289,cooccur,1
#brexit,#borisjohnon,1230776308751372289,cooccur,1
#brexit,#brexitday,1223721636744040448,cooccur,1
#brexit,#tuftonstreet,1230776308751372289,cooccur,1
#brexit,#moneylaundering,1230850519519973377,cooccur,1
#brexit,#sovereignty,1224225455990964226,cooccur,1
#brexit,#brexitparty,1223721636744040448,cooccur,1
#brexit,#trump,1229024011268579329,cooccur,1
#brexit,#populismo,1223765286043734016,cooccur,1
#brexit,#italexit,1223765286043734016,cooccur,1
#brexit,#uspoli,1225416219215396865,cooccur,1
#brexit,#brexitcentral,1230776308751372289,cooccur,1
#brexit,#fraud,1230850519519973377,cooccur,1
#commentary,#lakestar,1228061674785136640,cooccur,1
#pestaangintimurperlis,#throwbackphoto,1229306262258667521,cooccur,1
#pestaangintimurperlis,#mybloglover,1229306262258667521,cooccur,1
#pestaangintimurperlis,#picoftheday,1229306262258667521,cooccur,1
#pestaangintimurperlis,#photooftheday,1229306262258667521,cooccur,1
#pestaangintimurperlis,#mydailyjournal,1229306262258667521,cooccur,1
#pestaangintimurperlis,#mypersonalblog,1229306262258667521,cooccur,1
#pestaangintimurperlis,#mypics,1229306262258667521,cooccur,1
#sinnfein,#nationalism,1228690616516775936,cooccur,1
#sinnfein,#racism,1230233971486810113,cooccur,1
#sinnfein,#hate,1230233971486810113,cooccur,1
#sinnfein,#immigration,1228690616516775936,cooccur,1
#sinnfein,#antisemitism,1230233971486810113,cooccur,1
#sinnfein,#israel,1230233971486810113,cooccur,1
#polisci,#socsciresearch,1232706071074164736,cooccur,1
#poverty,#inequality,1225092364215242753,cooccur,1
#europeanunion,#wwg1wga,1224519426617135106,cooccur,1
#europeanunion,#kag2020,1224519426617135106,cooccur,1
#europeanunion,#eu,1224519426617135106,cooccur,1
#europeanunion,#qanon,1224519426617135106,cooccur,1
#nicejewishmama,#keephopealive,1228692968888033281,cooccur,1
#nicejewishmama,#love,1228692968888033281,cooccur,1
#nicejewishmama,#berniesanders2020,1227889321887387649,cooccur,1
#nicejewishmama,#revolucionviva,1228692968888033281,cooccur,1
#nicejewishmama,#ados,1227508772467200002,cooccur,1
#nicejewishmama,#2ndamendment,1228692968888033281,cooccur,1
#nicejewishmama,#vivalarevelución,1227889321887387649,cooccur,1
#nicejewishmama,#ifb,1227889321887387649,cooccur,1
#nicejewishmama,#itslove,1227889321887387649,cooccur,1
#nicejewishmama,#blackhistorymonth,1227889321887387649,cooccur,1
#nicejewishmama,#capitalism,1228692968888033281,cooccur,1
#nicejewishmama,#corporateaccountability,1228692968888033281,cooccur,1
#nicejewishmama,#stopthehate,1228692968888033281,cooccur,1
#グッデイ,#安藤アナ,1232917751049543680,cooccur,1
#amazonas,#farright,1230816768773455872,cooccur,1
#amazonas,#gretathunberg,1230805035023503360,cooccur,1
#amazonas,#actonclimate,1230805035023503360,cooccur,1
#amazonas,#deforestation,1230805035023503360,cooccur,1
#amazonas,#bolsonaro,1230816768773455872,cooccur,1
#amazonas,#climateactionnow,1230805035023503360,cooccur,1
#amazonas,#fridaysforfuture,1230805035023503360,cooccur,1
#amazonas,#climateemergencynow,1230805035023503360,cooccur,1
#amazonas,#climatechangeisreal,1230805035023503360,cooccur,1
#amazonas,#climateemergency,1230805035023503360,cooccur,1
#openaccess,#apsr,1224650078557822976,cooccur,1
#openaccess,#firstview,1224650078557822976,cooccur,1
#nhpolitics,#keenenh,1227029635227099137,cooccur,1
#nhpolitics,#durhamnh,1227029635227099137,cooccur,1
#nhpolitics,#sustainable,1227029635227099137,cooccur,1
#nhpolitics,#somersworthnh,1227029635227099137,cooccur,1
#nhpolitics,#politics,1227029635227099137,cooccur,1
#nhpolitics,#newhampshire,1227029635227099137,cooccur,1
#nhpolitics,#unh,1227029635227099137,cooccur,1
#nhpolitics,#mht,1227029635227099137,cooccur,1
#nhpolitics,#portsmouthnh,1227029635227099137,cooccur,1
#nhpolitics,#rochesternh,1227029635227099137,cooccur,1
#nhpolitics,#manchesternh,1227029635227099137,cooccur,1
#minorityrights,#separatism,1223484208498253831,cooccur,1
#minorityrights,#nationalism,1223484208498253831,cooccur,1
#minorityrights,#selfrule,1223484208498253831,cooccur,1
#minorityrights,#basicrights,1223484208498253831,cooccur,1
#minorityrights,#humanrights,1223484208498253831,cooccur,1
#keenenh,#durhamnh,1227029635227099137,cooccur,1
#keenenh,#portsmouthnh,1227029635227099137,cooccur,1
#keenenh,#somersworthnh,1227029635227099137,cooccur,1
#keenenh,#rochesternh,1227029635227099137,cooccur,1
#keenenh,#unh,1227029635227099137,cooccur,1
#picoftheday,#throwbackphoto,1229306262258667521,cooccur,1
#usvthem,#democracy,1223664666754387975,cooccur,1
#colonial,#trump,1232107780112338947,cooccur,1
#colonial,#nationalism,1232107780112338947,cooccur,1
#covid19,#fearmongering,1232646840488726528,cooccur,1
#covid19,#antiintellectualism,1232646840488726528,cooccur,1
#brexitcentral,#voteleave,1230776308751372289,cooccur,1
#brexitcentral,#arronbanks,1230776308751372289,cooccur,1
#vanpoli,#bcpoli,1232198411094388741,cooccur,1
#csos,#alliances,1230523285382860801,cooccur,1
#csos,#partnerships,1230523285382860801,cooccur,1
#iraqwar,#mbs,1226572857066565632,cooccur,1
#iraqwar,#chainsaw_prince,1226572857066565632,cooccur,1
#iraqwar,#jamalkhashoggi,1226572857066565632,cooccur,1
#republic,#minorityrights,1223484208498253831,cooccur,1
#republic,#nationalism,1223484208498253831,cooccur,1
#republic,#selfrule,1223484208498253831,cooccur,1
#republic,#separatism,1223484208498253831,cooccur,1
#republic,#basicrights,1223484208498253831,cooccur,1
#republic,#humanrights,1223484208498253831,cooccur,1
#terror,#climatechange,1229470428277723138,cooccur,1
#terror,#cvi,1229470428277723138,cooccur,1
#nzpol,#intolerance,1230744188443975682,cooccur,1
#nzpol,#fascism,1230744188443975682,cooccur,1
#nzpol,#rwterriorism,1230744188443975682,cooccur,1
#nvcaucus,#berniesanders,1231417079783469056,cooccur,1
#nvcaucus,#nvcaucus2020,1231417079783469056,cooccur,1
#nvcaucus,#bernie2020,1231417079783469056,cooccur,1
#nvcaucus,#nvdemscaucus,1231417079783469056,cooccur,1
#corona,#covid,1232865213583462400,cooccur,1
#fascism,#brexit,1230850519519973377,cooccur,1
#fascism,#intolerance,1230744188443975682,cooccur,1
#fascism,#matthewelliott,1230776308751372289,cooccur,1
#fascism,#voteleave,1230776308751372289,cooccur,1
#fascism,#arronbanks,1230776308751372289,cooccur,1
#fascism,#racism,1230850519519973377,cooccur,1
#fascism,#debt,1230850519519973377,cooccur,1
#fascism,#newworldorder,1230850519519973377,cooccur,1
#fascism,#gove,1230776308751372289,cooccur,1
#fascism,#russianasset,1227807273474392064,cooccur,1
#fascism,#stevebannon,1230776308751372289,cooccur,1
#fascism,#russia,1230776308751372289,cooccur,1
#fascism,#ukip,1230776308751372289,cooccur,1
#fascism,#farright,1233376875075993601,cooccur,1
#fascism,#france,1230850519519973377,cooccur,1
#fascism,#farage,1230776308751372289,cooccur,1
#fascism,#borisjohnon,1230776308751372289,cooccur,1
#fascism,#uk,1230850519519973377,cooccur,1
#fascism,#tuftonstreet,1230776308751372289,cooccur,1
#fascism,#italy,1230850519519973377,cooccur,1
#fascism,#moneylaundering,1230850519519973377,cooccur,1
#fascism,#taxpayeralliance,1230776308751372289,cooccur,1
#fascism,#brexitcentral,1230776308751372289,cooccur,1
#fascism,#fraud,1230850519519973377,cooccur,1
#ukip,#brexitcentral,1230776308751372289,cooccur,1
#ukip,#arronbanks,1230776308751372289,cooccur,1
#ukip,#voteleave,1230776308751372289,cooccur,1
#バイキング,#安藤アナ,1232917751049543680,cooccur,1
#バイキング,#グッデイ,1232917751049543680,cooccur,1
#indonesia,#muslim,1226983424495407104,cooccur,1
#yyc,#fail,1229550322168676352,cooccur,1
#yyc,#yeg,1229550322168676352,cooccur,1
#callforpapers,#gender,1225719910959022080,cooccur,1
#callforpapers,#thepopulism,1225757498084405249,cooccur,1
#callforpapers,#feministpolitics,1225719910959022080,cooccur,1
#revolucionviva,#corporateaccountability,1228692968888033281,cooccur,1
#portsmouthnh,#somersworthnh,1227029635227099137,cooccur,1
#portsmouthnh,#rochesternh,1227029635227099137,cooccur,1
#disinformation,#onlinehate,1227183210938933250,cooccur,1
#disinformation,#saferinternetday,1227183210938933250,cooccur,1
#posttruth,#continuism,1230957202032164866,cooccur,1
#posttruth,#informationwar,1224761924791033856,cooccur,1
#posttruth,#journalism,1224761924791033856,cooccur,1
#propaganda,#mediabias,1223658684900958208,cooccur,1
#viruses,#tradewars,1228638397041979392,cooccur,1
#viruses,#trader,1228638397041979392,cooccur,1
#viruses,#long,1228638397041979392,cooccur,1
#viruses,#vix,1228638397041979392,cooccur,1
#viruses,#50cent,1228638397041979392,cooccur,1
#stocks,#viruses,1228638397041979392,cooccur,1
#stocks,#trader,1228638397041979392,cooccur,1
#stocks,#50cent,1228638397041979392,cooccur,1
#stocks,#bonds,1228638397041979392,cooccur,1
#stocks,#tradewars,1228638397041979392,cooccur,1
#stocks,#long,1228638397041979392,cooccur,1
#stocks,#vix,1228638397041979392,cooccur,1
#polanyi,#hayek,1224329187131084802,cooccur,1
#socialism,#constitutionalist,1224446472017432576,cooccur,1
#socialism,#libertarian,1224446472017432576,cooccur,1
#berniesanders,#nvcaucus2020,1231417079783469056,cooccur,1
#berniesanders,#nvdemscaucus,1231417079783469056,cooccur,1
#alp,#albo,1227448567364751363,cooccur,1
#alp,#socialdemocracy,1227448567364751363,cooccur,1
#internationalrelations,#instability,1227369717175812096,cooccur,1
#internationalrelations,#peace,1227369717175812096,cooccur,1
#rochesternh,#somersworthnh,1227029635227099137,cooccur,1
#journalism,#informationwar,1224761924791033856,cooccur,1
#journalism,#truth,1232517844702781441,cooccur,1
#journalism,#representus,1232517844702781441,cooccur,1
#objectivist,#cdnpoli,1225416219215396865,cooccur,1
#objectivist,#uspoli,1225416219215396865,cooccur,1
#history,#colonial,1232107780112338947,cooccur,1
#history,#frontier,1232107780112338947,cooccur,1
#history,#nationalism,1232107780112338947,cooccur,1
#history,#trump,1232107780112338947,cooccur,1
#hate,#israel,1230233971486810113,cooccur,1
#truth,#representus,1232517844702781441,cooccur,1
#debt,#stevebannon,1230776308751372289,cooccur,1
#debt,#matthewelliott,1230776308751372289,cooccur,1
#debt,#farage,1230776308751372289,cooccur,1
#debt,#arronbanks,1230776308751372289,cooccur,1
#debt,#borisjohnon,1230776308751372289,cooccur,1
#debt,#voteleave,1230776308751372289,cooccur,1
#debt,#tuftonstreet,1230776308751372289,cooccur,1
#debt,#gove,1230776308751372289,cooccur,1
#debt,#taxpayeralliance,1230776308751372289,cooccur,1
#debt,#russia,1230776308751372289,cooccur,1
#debt,#brexitcentral,1230776308751372289,cooccur,1
#debt,#ukip,1230776308751372289,cooccur,1
#nigelfarage,#wwg1wga,1224519426617135106,cooccur,1
#nigelfarage,#kag2020,1224519426617135106,cooccur,1
#nigelfarage,#europeanunion,1224519426617135106,cooccur,1
#nigelfarage,#eu,1224519426617135106,cooccur,1
#nigelfarage,#qanon,1224519426617135106,cooccur,1
#civicintelligence,#communities,1228282015839137794,cooccur,1
#civicintelligence,#citizens,1228282015839137794,cooccur,1
#civicintelligence,#democracy,1228282015839137794,cooccur,1
#independenceday,#brexitday,1223721636744040448,cooccur,1
#independenceday,#brexitparty,1223721636744040448,cooccur,1
#grassroots,#ourfutureonearth,1233056951153590273,cooccur,1
#grassroots,#globalcrisis,1233056951153590273,cooccur,1
#integration,#disintegration,1231890461477998592,cooccur,1
#yeg,#fail,1229550322168676352,cooccur,1
#instability,#peace,1227369717175812096,cooccur,1
#antisemitic,#ireland,1230233971486810113,cooccur,1
#antisemitic,#sinnfein,1230233971486810113,cooccur,1
#antisemitic,#racism,1230233971486810113,cooccur,1
#antisemitic,#hate,1230233971486810113,cooccur,1
#antisemitic,#antisemitism,1230233971486810113,cooccur,1
#antisemitic,#politics,1230233971486810113,cooccur,1
#antisemitic,#israel,1230233971486810113,cooccur,1
#bigdata,#technopolitics,1226931101702270977,cooccur,1
#bigdata,#smartcity,1226931101702270977,cooccur,1
#bigdata,#industry,1226931101702270977,cooccur,1
#bigdata,#academicchatter,1226931101702270977,cooccur,1
#bigdata,#cooperatives,1226931101702270977,cooccur,1
#bigdata,#iot,1226931101702270977,cooccur,1
#bigdata,#independence,1226931101702270977,cooccur,1
#bigdata,#sovereignty,1226931101702270977,cooccur,1
#socialdemocracy,#albo,1227448567364751363,cooccur,1
#iot,#smartcity,1226931101702270977,cooccur,1
#iot,#industry,1226931101702270977,cooccur,1
#iot,#academicchatter,1226931101702270977,cooccur,1
#iot,#cooperatives,1226931101702270977,cooccur,1
#iot,#independence,1226931101702270977,cooccur,1
#iot,#sovereignty,1226931101702270977,cooccur,1
#mypersonalblog,#photooftheday,1229306262258667521,cooccur,1
#mypersonalblog,#mypics,1229306262258667521,cooccur,1
#mypersonalblog,#throwbackphoto,1229306262258667521,cooccur,1
#mypersonalblog,#picoftheday,1229306262258667521,cooccur,1
#rwterriorism,#intolerance,1230744188443975682,cooccur,1
#rwterriorism,#fascism,1230744188443975682,cooccur,1
#oligarchy,#neoliberalism,1232777785258717184,cooccur,1
#oligarchy,#democracy,1232777785258717184,cooccur,1
#oligarchy,#plutocracy,1232777785258717184,cooccur,1
#oligarchy,#inequality,1232777785258717184,cooccur,1
#capitalism,#corporateaccountability,1228692968888033281,cooccur,1
#capitalism,#2ndamendment,1228692968888033281,cooccur,1
#capitalism,#revolucionviva,1228692968888033281,cooccur,1
#social,#populismo,1228019568892882950,cooccur,1
#social,#semiotics,1228019568892882950,cooccur,1
#social,#semiotica,1228019568892882950,cooccur,1
#social,#politica,1228019568892882950,cooccur,1
#climateactionnow,#actonclimate,1230805035023503360,cooccur,1
#climateactionnow,#fridaysforfuture,1230805035023503360,cooccur,1
#climateactionnow,#gretathunberg,1230805035023503360,cooccur,1
#climateactionnow,#climateemergencynow,1230805035023503360,cooccur,1
#climateactionnow,#climatechangeisreal,1230805035023503360,cooccur,1
#climateactionnow,#climateemergency,1230805035023503360,cooccur,1
#communities,#citizens,1228282015839137794,cooccur,1
#race,#poverty,1225092364215242753,cooccur,1
#race,#class,1225092364215242753,cooccur,1
#race,#inequality,1225092364215242753,cooccur,1
#humanrights,#nationalism,1223484208498253831,cooccur,1
#humanrights,#selfrule,1223484208498253831,cooccur,1
#humanrights,#separatism,1223484208498253831,cooccur,1
#tenproblems,#liberalism,1227369717175812096,cooccur,1
#tenproblems,#democracy,1227369717175812096,cooccur,1
#tenproblems,#mondialism,1227369717175812096,cooccur,1
#tenproblems,#authoritarianism,1227369717175812096,cooccur,1
#tenproblems,#instability,1227369717175812096,cooccur,1
#tenproblems,#immigration,1227369717175812096,cooccur,1
#tenproblems,#diversity,1227369717175812096,cooccur,1
#tenproblems,#internationalrelations,1227369717175812096,cooccur,1
#tenproblems,#politics,1227369717175812096,cooccur,1
#tenproblems,#peace,1227369717175812096,cooccur,1
#trader,#vix,1228638397041979392,cooccur,1
#papafrancesco,#23febbraio,1231596347469508608,cooccur,1
#papafrancesco,#bergoglio,1231596347469508608,cooccur,1
#papafrancesco,#chiesa,1231596347469508608,cooccur,1
#tradewars,#vix,1228638397041979392,cooccur,1
#tradewars,#trader,1228638397041979392,cooccur,1
#tradewars,#long,1228638397041979392,cooccur,1
#tradewars,#50cent,1228638397041979392,cooccur,1
#syriza,#tsipras,1227611773991297024,cooccur,1
#syriza,#leftwing,1227611773991297024,cooccur,1
#fascisminamerica,#democracy,1223664666754387975,cooccur,1
#fascisminamerica,#usvthem,1223664666754387975,cooccur,1
#fpoe,#farright,1233312018523926528,cooccur,1
#fpoe,#covid,1233312018523926528,cooccur,1
#fpoe,#covid19italy,1233312018523926528,cooccur,1
#fpoe,#covid2019,1233312018523926528,cooccur,1
#fpoe,#coronavirus,1233312018523926528,cooccur,1
#fpoe,#svp,1233312018523926528,cooccur,1
#fpoe,#covidー19,1233312018523926528,cooccur,1
#extremism,#republicanparty,1231168513181487104,cooccur,1
#extremism,#democracy,1231168513181487104,cooccur,1
#extremism,#ecprgc20,1227237841547083776,cooccur,1
#extremism,#socialmovements,1224271646502146049,cooccur,1
#msm,#whitenationalist,1226471863607603202,cooccur,1
#msm,#racistbastards,1226471863607603202,cooccur,1
#msm,#neonazis,1226471863607603202,cooccur,1
#auschwitz,#farright,1226413670235869184,cooccur,1
#australia,#politics,1225104524676947969,cooccur,1
#gove,#tuftonstreet,1230776308751372289,cooccur,1
#gove,#voteleave,1230776308751372289,cooccur,1
#gove,#arronbanks,1230776308751372289,cooccur,1
#gove,#borisjohnon,1230776308751372289,cooccur,1
#gove,#taxpayeralliance,1230776308751372289,cooccur,1
#gove,#russia,1230776308751372289,cooccur,1
#gove,#brexitcentral,1230776308751372289,cooccur,1
#gove,#ukip,1230776308751372289,cooccur,1
#uk,#brexit,1230850519519973377,cooccur,1
#uk,#stevebannon,1230776308751372289,cooccur,1
#uk,#matthewelliott,1230776308751372289,cooccur,1
#uk,#voteleave,1230776308751372289,cooccur,1
#uk,#arronbanks,1230776308751372289,cooccur,1
#uk,#racism,1230850519519973377,cooccur,1
#uk,#debt,1230850519519973377,cooccur,1
#uk,#newworldorder,1230850519519973377,cooccur,1
#uk,#us,1226987752161456128,cooccur,1
#uk,#gove,1230776308751372289,cooccur,1
#uk,#johnson,1229015514850177029,cooccur,1
#uk,#russia,1230776308751372289,cooccur,1
#uk,#ukip,1230776308751372289,cooccur,1
#uk,#farright,1230850519519973377,cooccur,1
#uk,#farage,1230776308751372289,cooccur,1
#uk,#borisjohnon,1230776308751372289,cooccur,1
#uk,#brexitreality,1229015514850177029,cooccur,1
#uk,#tuftonstreet,1230776308751372289,cooccur,1
#uk,#moneylaundering,1230850519519973377,cooccur,1
#uk,#trump,1226986662363881472,cooccur,1
#uk,#taxpayeralliance,1230776308751372289,cooccur,1
#uk,#brexitcentral,1230776308751372289,cooccur,1
#uk,#fraud,1230850519519973377,cooccur,1
#jeramigulung,#throwbackphoto,1229306262258667521,cooccur,1
#jeramigulung,#photooftheday,1229306262258667521,cooccur,1
#jeramigulung,#mybloglover,1229306262258667521,cooccur,1
#jeramigulung,#picoftheday,1229306262258667521,cooccur,1
#jeramigulung,#jeramipadi,1229306262258667521,cooccur,1
#jeramigulung,#jeramigulungviral,1229306262258667521,cooccur,1
#jeramigulung,#pestaangintimurperlis,1229306262258667521,cooccur,1
#jeramigulung,#mydailyjournal,1229306262258667521,cooccur,1
#jeramigulung,#mypersonalblog,1229306262258667521,cooccur,1
#jeramigulung,#mypics,1229306262258667521,cooccur,1
#blackhistorymonth,#vivalarevelución,1227889321887387649,cooccur,1
#blackhistorymonth,#ifb,1227889321887387649,cooccur,1
#blackhistorymonth,#ados,1227508772467200002,cooccur,1
#blackhistorymonth,#berniesanders2020,1227889321887387649,cooccur,1
#wwg1wgaworldwide,#brexit,1223423647781548032,cooccur,1
#wwg1wgaworldwide,#brexitday,1223423647781548032,cooccur,1
#timemagazine,#intolerance,1230744188443975682,cooccur,1
#timemagazine,#nzpol,1230744188443975682,cooccur,1
#timemagazine,#fascism,1230744188443975682,cooccur,1
#timemagazine,#nz,1230744188443975682,cooccur,1
#timemagazine,#rwterriorism,1230744188443975682,cooccur,1
#mydailyjournal,#throwbackphoto,1229306262258667521,cooccur,1
#mydailyjournal,#mybloglover,1229306262258667521,cooccur,1
#mydailyjournal,#picoftheday,1229306262258667521,cooccur,1
#mydailyjournal,#photooftheday,1229306262258667521,cooccur,1
#mydailyjournal,#mypics,1229306262258667521,cooccur,1
#mydailyjournal,#mypersonalblog,1229306262258667521,cooccur,1
#health,#transparency,1232070320896593921,cooccur,1
#health,#wage,1232070320896593921,cooccur,1
#health,#crisis,1230737929699377153,cooccur,1
#health,#inequality,1232070320896593921,cooccur,1
#health,#education,1232070320896593921,cooccur,1
#health,#hospital,1232070320896593921,cooccur,1
#health,#economy,1232070320896593921,cooccur,1
#health,#governance,1232070320896593921,cooccur,1
#health,#healthcare,1232070320896593921,cooccur,1
#health,#politics,1230737929699377153,cooccur,1
#health,#racism,1230737929699377153,cooccur,1
#health,#finance,1232070320896593921,cooccur,1
#health,#data,1227145164801683456,cooccur,1
#health,#populist,1227142740531712000,cooccur,1
#health,#inflation,1232070320896593921,cooccur,1
#podcast,#comedy,1230994254652231680,cooccur,1
#podcast,#newcoalition,1229843836639174656,cooccur,1
#podcast,#bernie2020,1229843836639174656,cooccur,1
#podcast,#turkey,1228338594479267848,cooccur,1
#podcast,#truth,1230994254652231680,cooccur,1
#podcast,#eu,1228338594479267848,cooccur,1
#jewish,#ireland,1230233971486810113,cooccur,1
#jewish,#sinnfein,1230233971486810113,cooccur,1
#jewish,#racism,1230233971486810113,cooccur,1
#jewish,#hate,1230233971486810113,cooccur,1
#jewish,#antisemitic,1230233971486810113,cooccur,1
#jewish,#antisemitism,1230233971486810113,cooccur,1
#jewish,#politics,1230233971486810113,cooccur,1
#jewish,#israel,1230233971486810113,cooccur,1
#threats,#exclusivity,1228456219121201152,cooccur,1
#threats,#purity,1228456219121201152,cooccur,1
#threats,#dogma,1228456219121201152,cooccur,1
#threats,#lists,1228456219121201152,cooccur,1
#threats,#cantmakethisup,1228456219121201152,cooccur,1
#covidー19,#covid2019,1233312018523926528,cooccur,1
#covidー19,#covid,1233312018523926528,cooccur,1
#covidー19,#covid19italy,1233312018523926528,cooccur,1
#keephopealive,#vivalarevelución,1227889321887387649,cooccur,1
#keephopealive,#corporateaccountability,1228692968888033281,cooccur,1
#keephopealive,#itslove,1227889321887387649,cooccur,1
#keephopealive,#blackhistorymonth,1227889321887387649,cooccur,1
#keephopealive,#berniesanders2020,1227889321887387649,cooccur,1
#keephopealive,#revolucionviva,1228692968888033281,cooccur,1
#keephopealive,#love,1228692968888033281,cooccur,1
#keephopealive,#capitalism,1228692968888033281,cooccur,1
#keephopealive,#ados,1227508772467200002,cooccur,1
#keephopealive,#2ndamendment,1228692968888033281,cooccur,1
#keephopealive,#ifb,1227889321887387649,cooccur,1
#governance,#transparency,1232070320896593921,cooccur,1
#governance,#management,1224740277820305415,cooccur,1
#governance,#nudge,1224740277820305415,cooccur,1
#governance,#trust,1232983231844290560,cooccur,1
#governance,#inflation,1232070320896593921,cooccur,1
#governance,#policymaking,1224740277820305415,cooccur,1
#governance,#experts,1224740277820305415,cooccur,1
#governance,#finance,1232070320896593921,cooccur,1
#governance,#publicpolicy,1224740277820305415,cooccur,1
#governance,#antipolitics,1232983231844290560,cooccur,1
#governance,#wage,1232070320896593921,cooccur,1
#governance,#economy,1232070320896593921,cooccur,1
#eescplenary,#euco,1230439382953361416,cooccur,1
#healthcare,#transparency,1232070320896593921,cooccur,1
#healthcare,#housing,1224721036706484227,cooccur,1
#healthcare,#inflation,1232070320896593921,cooccur,1
#healthcare,#inequality,1232070320896593921,cooccur,1
#healthcare,#hospital,1232070320896593921,cooccur,1
#healthcare,#finance,1232070320896593921,cooccur,1
#healthcare,#wage,1232070320896593921,cooccur,1
#healthcare,#economy,1232070320896593921,cooccur,1
#healthcare,#governance,1232070320896593921,cooccur,1
#onlinehate,#saferinternetday,1227183210938933250,cooccur,1
#50cent,#vix,1228638397041979392,cooccur,1
#50cent,#trader,1228638397041979392,cooccur,1
#プロフェッショナリズム,#危機管理,1227793571505307649,cooccur,1
#プロフェッショナリズム,#八ッ場ダム,1227793571505307649,cooccur,1
#プロフェッショナリズム,#riskmanagement,1227793571505307649,cooccur,1
#プロフェッショナリズム,#ひるおび,1227793571505307649,cooccur,1
#プロフェッショナリズム,#国会,1227793571505307649,cooccur,1
#プロフェッショナリズム,#さかなクン,1227793571505307649,cooccur,1
#プロフェッショナリズム,#バイキング,1232917751049543680,cooccur,1
#プロフェッショナリズム,#グッデイ,1232917751049543680,cooccur,1
#プロフェッショナリズム,#partisanship,1227793571505307649,cooccur,1
#プロフェッショナリズム,#辻本,1227793571505307649,cooccur,1
#プロフェッショナリズム,#安藤アナ,1232917751049543680,cooccur,1
#プロフェッショナリズム,#反グレjapan,1227793571505307649,cooccur,1
#manchesternh,#keenenh,1227029635227099137,cooccur,1
#manchesternh,#durhamnh,1227029635227099137,cooccur,1
#manchesternh,#somersworthnh,1227029635227099137,cooccur,1
#manchesternh,#unh,1227029635227099137,cooccur,1
#manchesternh,#mht,1227029635227099137,cooccur,1
#manchesternh,#portsmouthnh,1227029635227099137,cooccur,1
#manchesternh,#rochesternh,1227029635227099137,cooccur,1
#libertarian,#socialism,1224446472017432576,cooccur,1
#france,#brexit,1230850519519973377,cooccur,1
#france,#farright,1230850519519973377,cooccur,1
#france,#matthewelliott,1230776308751372289,cooccur,1
#france,#farage,1230776308751372289,cooccur,1
#france,#arronbanks,1230776308751372289,cooccur,1
#france,#racism,1230850519519973377,cooccur,1
#france,#borisjohnon,1230776308751372289,cooccur,1
#france,#debt,1230850519519973377,cooccur,1
#france,#voteleave,1230776308751372289,cooccur,1
#france,#ukip,1230776308751372289,cooccur,1
#france,#uk,1230850519519973377,cooccur,1
#france,#tuftonstreet,1230776308751372289,cooccur,1
#france,#newworldorder,1230850519519973377,cooccur,1
#france,#italy,1230850519519973377,cooccur,1
#france,#moneylaundering,1230850519519973377,cooccur,1
#france,#gove,1230776308751372289,cooccur,1
#france,#taxpayeralliance,1230776308751372289,cooccur,1
#france,#stevebannon,1230776308751372289,cooccur,1
#france,#russia,1230776308751372289,cooccur,1
#france,#brexitcentral,1230776308751372289,cooccur,1
#france,#fraud,1230850519519973377,cooccur,1
#power,#publicpolicy,1224740277820305415,cooccur,1
#power,#nudge,1224740277820305415,cooccur,1
#power,#policymaking,1224740277820305415,cooccur,1
#power,#experts,1224740277820305415,cooccur,1
#power,#management,1224740277820305415,cooccur,1
#power,#governance,1224740277820305415,cooccur,1
#separatism,#nationalism,1223484208498253831,cooccur,1
#separatism,#selfrule,1223484208498253831,cooccur,1
#economicforecast2020,#exportdevcanada20,1224715632337465348,cooccur,1
#exclusivity,#cantmakethisup,1228456219121201152,cooccur,1
#svp,#farright,1233312018523926528,cooccur,1
#svp,#covid,1233312018523926528,cooccur,1
#svp,#covid19italy,1233312018523926528,cooccur,1
#svp,#covid2019,1233312018523926528,cooccur,1
#svp,#coronavirus,1233312018523926528,cooccur,1
#svp,#covidー19,1233312018523926528,cooccur,1
#gretathunberg,#fridaysforfuture,1230805035023503360,cooccur,1
#dogma,#exclusivity,1228456219121201152,cooccur,1
#dogma,#cantmakethisup,1228456219121201152,cooccur,1
#circulareconomy,#constitutionalreforms,1228281228970930176,cooccur,1
#circulareconomy,#polscienceresearch,1228281228970930176,cooccur,1
#antisemitism,#hate,1230233971486810113,cooccur,1
#antisemitism,#racism,1230233971486810113,cooccur,1
#antisemitism,#mediabias,1223658684900958208,cooccur,1
#antisemitism,#propaganda,1223658684900958208,cooccur,1
#antisemitism,#israel,1230233971486810113,cooccur,1
#unh,#durhamnh,1227029635227099137,cooccur,1
#unh,#portsmouthnh,1227029635227099137,cooccur,1
#unh,#somersworthnh,1227029635227099137,cooccur,1
#unh,#rochesternh,1227029635227099137,cooccur,1
#politicsideas,#donaldtrump,1225481420522565634,cooccur,1
#politicsideas,#nationalconservatism,1225481420522565634,cooccur,1
#bernie2020,#trump2020,1231605032031645696,cooccur,1
#bernie2020,#berniesanders,1231417079783469056,cooccur,1
#bernie2020,#newcoalition,1229843836639174656,cooccur,1
#bernie2020,#nvcaucus2020,1231417079783469056,cooccur,1
#bernie2020,#nvdemscaucus,1231417079783469056,cooccur,1
#politicaltheory,#politics,1227569132981379074,cooccur,1
#notmeus,#popilistguideto2020,1231949973685755906,cooccur,1
#philippines,#crisis,1230737929699377153,cooccur,1
#philippines,#health,1230737929699377153,cooccur,1
#philippines,#coronavirus,1230737929699377153,cooccur,1
#philippines,#racism,1230737929699377153,cooccur,1
#philippines,#politics,1230737929699377153,cooccur,1
#philippines,#duterte,1230737929699377153,cooccur,1
#russia,#tuftonstreet,1230776308751372289,cooccur,1
#russia,#voteleave,1230776308751372289,cooccur,1
#russia,#arronbanks,1230776308751372289,cooccur,1
#russia,#taxpayeralliance,1230776308751372289,cooccur,1
#russia,#brexitcentral,1230776308751372289,cooccur,1
#russia,#ukip,1230776308751372289,cooccur,1
#socialpolicy,#socialinequality,1231905922567593984,cooccur,1
#transparency,#finance,1232070320896593921,cooccur,1
#transparency,#inflation,1232070320896593921,cooccur,1
#transparency,#economy,1232070320896593921,cooccur,1
#transparency,#wage,1232070320896593921,cooccur,1
#moneycantbuylove,#trump2020,1231605032031645696,cooccur,1
#moneycantbuylove,#bernie2020,1231605032031645696,cooccur,1
#class,#poverty,1225092364215242753,cooccur,1
#class,#inequality,1225092364215242753,cooccur,1
#jeramigulungviral,#throwbackphoto,1229306262258667521,cooccur,1
#jeramigulungviral,#photooftheday,1229306262258667521,cooccur,1
#jeramigulungviral,#mybloglover,1229306262258667521,cooccur,1
#jeramigulungviral,#picoftheday,1229306262258667521,cooccur,1
#jeramigulungviral,#pestaangintimurperlis,1229306262258667521,cooccur,1
#jeramigulungviral,#mydailyjournal,1229306262258667521,cooccur,1
#jeramigulungviral,#mypersonalblog,1229306262258667521,cooccur,1
#jeramigulungviral,#mypics,1229306262258667521,cooccur,1
#purity,#exclusivity,1228456219121201152,cooccur,1
#purity,#dogma,1228456219121201152,cooccur,1
#purity,#cantmakethisup,1228456219121201152,cooccur,1
#comedy,#truth,1230994254652231680,cooccur,1
#southafricans,#vbsbankheist,1233272320304787456,cooccur,1
#southafricans,#corruption,1233272320304787456,cooccur,1
#berlin,#europeanparliament,1226777116416577536,cooccur,1
#anti,#thelongread,1228303337994452992,cooccur,1
#sustainable,#keenenh,1227029635227099137,cooccur,1
#sustainable,#durhamnh,1227029635227099137,cooccur,1
#sustainable,#somersworthnh,1227029635227099137,cooccur,1
#sustainable,#newhampshire,1227029635227099137,cooccur,1
#sustainable,#unh,1227029635227099137,cooccur,1
#sustainable,#mht,1227029635227099137,cooccur,1
#sustainable,#portsmouthnh,1227029635227099137,cooccur,1
#sustainable,#future,1232747543227817985,cooccur,1
#sustainable,#rochesternh,1227029635227099137,cooccur,1
#sustainable,#manchesternh,1227029635227099137,cooccur,1
#nationalconservatism,#donaldtrump,1225481420522565634,cooccur,1
#nationalconservatism,#maga,1229049687551946752,cooccur,1
#nationalconservatism,#classicalliberalism,1229049687551946752,cooccur,1
#nationalconservatism,#nationalpopulism,1229049687551946752,cooccur,1
#tonyblair,#neoliberal,1226472743727697920,cooccur,1
#tonyblair,#iraqwar,1226572857066565632,cooccur,1
#tonyblair,#mbs,1226572857066565632,cooccur,1
#tonyblair,#chainsaw_prince,1226572857066565632,cooccur,1
#tonyblair,#jamalkhashoggi,1226572857066565632,cooccur,1
#turkey,#eu,1228338594479267848,cooccur,1
#lebestia,#questalegaéunavergogna,1230269791686057989,cooccur,1
#八ッ場ダム,#partisanship,1227793571505307649,cooccur,1
#nationalism,#humantrafficking,1224356825895710721,cooccur,1
#nationalism,#ireland,1226957338868961282,cooccur,1
#nationalism,#democracy,1226957338868961282,cooccur,1
#nationalism,#communist,1226957338868961282,cooccur,1
#nationalism,#hatespeech,1224356825895710721,cooccur,1
#nationalism,#nationalconservatism,1225481420522565634,cooccur,1
#nationalism,#china,1225482239452106752,cooccur,1
#nationalism,#irish,1226957338868961282,cooccur,1
#nationalism,#politicsideas,1225482239452106752,cooccur,1
#nationalism,#donaldtrump,1225481420522565634,cooccur,1
#nationalism,#freedom,1226957338868961282,cooccur,1
#nationalism,#selfrule,1223484208498253831,cooccur,1
#newworldorder,#stevebannon,1230776308751372289,cooccur,1
#newworldorder,#matthewelliott,1230776308751372289,cooccur,1
#newworldorder,#farage,1230776308751372289,cooccur,1
#newworldorder,#arronbanks,1230776308751372289,cooccur,1
#newworldorder,#racism,1230850519519973377,cooccur,1
#newworldorder,#borisjohnon,1230776308751372289,cooccur,1
#newworldorder,#debt,1230850519519973377,cooccur,1
#newworldorder,#voteleave,1230776308751372289,cooccur,1
#newworldorder,#tuftonstreet,1230776308751372289,cooccur,1
#newworldorder,#gove,1230776308751372289,cooccur,1
#newworldorder,#taxpayeralliance,1230776308751372289,cooccur,1
#newworldorder,#russia,1230776308751372289,cooccur,1
#newworldorder,#brexitcentral,1230776308751372289,cooccur,1
#newworldorder,#ukip,1230776308751372289,cooccur,1
#scicomm,#polisci,1232706071074164736,cooccur,1
#scicomm,#socsciresearch,1232706071074164736,cooccur,1
#democratdebate,#nhdebate,1225954131808071680,cooccur,1
#democratdebate,#unity,1225954131808071680,cooccur,1
#publicpolicy,#experts,1224740277820305415,cooccur,1
#publicpolicy,#nudge,1224740277820305415,cooccur,1
#vienna,#euforeignpolicy,1233031789519745025,cooccur,1
#uspoli,#cdnpoli,1225416219215396865,cooccur,1
#threadscriptor,#experts,1232000806674731008,cooccur,1
#threadscriptor,#covid19,1232000806674731008,cooccur,1
#us,#brexit,1226987752161456128,cooccur,1
#us,#trump,1226986662363881472,cooccur,1
#riev,#technopolitics,1226931101702270977,cooccur,1
#riev,#bigdata,1226931101702270977,cooccur,1
#riev,#smartcity,1226931101702270977,cooccur,1
#riev,#industry,1226931101702270977,cooccur,1
#riev,#academicchatter,1226931101702270977,cooccur,1
#riev,#sovereignty,1226931101702270977,cooccur,1
#riev,#cooperatives,1226931101702270977,cooccur,1
#riev,#neuronalnetworks,1226931101702270977,cooccur,1
#riev,#iot,1226931101702270977,cooccur,1
#riev,#independence,1226931101702270977,cooccur,1
#riev,#ai,1226931101702270977,cooccur,1
#bolsonaro,#farright,1230816768773455872,cooccur,1
#bolsonaro,#actonclimate,1230805035023503360,cooccur,1
#bolsonaro,#deforestation,1230805035023503360,cooccur,1
#bolsonaro,#climateactionnow,1230805035023503360,cooccur,1
#bolsonaro,#gretathunberg,1230805035023503360,cooccur,1
#bolsonaro,#fridaysforfuture,1230805035023503360,cooccur,1
#bolsonaro,#climateemergencynow,1230805035023503360,cooccur,1
#bolsonaro,#climatechangeisreal,1230805035023503360,cooccur,1
#bolsonaro,#climateemergency,1230805035023503360,cooccur,1
#vbsbankheist,#corruption,1233272320304787456,cooccur,1
#hospital,#transparency,1232070320896593921,cooccur,1
#hospital,#economy,1232070320896593921,cooccur,1
#hospital,#finance,1232070320896593921,cooccur,1
#hospital,#wage,1232070320896593921,cooccur,1
#hospital,#inflation,1232070320896593921,cooccur,1
#hospital,#governance,1232070320896593921,cooccur,1
#deforestation,#actonclimate,1230805035023503360,cooccur,1
#deforestation,#fridaysforfuture,1230805035023503360,cooccur,1
#deforestation,#climateactionnow,1230805035023503360,cooccur,1
#deforestation,#gretathunberg,1230805035023503360,cooccur,1
#deforestation,#climateemergencynow,1230805035023503360,cooccur,1
#deforestation,#climatechangeisreal,1230805035023503360,cooccur,1
#deforestation,#climateemergency,1230805035023503360,cooccur,1
#antipolitics,#trust,1232983231844290560,cooccur,1
#politics,#keenenh,1227029635227099137,cooccur,1
#politics,#sinnfein,1230233971486810113,cooccur,1
#politics,#authoritarianism,1227369717175812096,cooccur,1
#politics,#racism,1230233971486810113,cooccur,1
#politics,#hate,1230233971486810113,cooccur,1
#politics,#mht,1227029635227099137,cooccur,1
#politics,#politiikka,1228322005159682050,cooccur,1
#politics,#antipopulism,1228243504138076160,cooccur,1
#politics,#israel,1230233971486810113,cooccur,1
#politics,#newhampshire,1227029635227099137,cooccur,1
#politics,#instability,1227369717175812096,cooccur,1
#politics,#hanau,1232601275692453888,cooccur,1
#politics,#portsmouthnh,1227029635227099137,cooccur,1
#politics,#manchesternh,1227029635227099137,cooccur,1
#politics,#peace,1227369717175812096,cooccur,1
#politics,#sustainable,1227029635227099137,cooccur,1
#politics,#liberalism,1227369717175812096,cooccur,1
#politics,#democracy,1227369717175812096,cooccur,1
#politics,#somersworthnh,1227029635227099137,cooccur,1
#politics,#diversity,1227369717175812096,cooccur,1
#politics,#antisemitism,1230233971486810113,cooccur,1
#politics,#civility,1228243504138076160,cooccur,1
#politics,#durhamnh,1227029635227099137,cooccur,1
#politics,#identity,1232601275692453888,cooccur,1
#politics,#unh,1227029635227099137,cooccur,1
#politics,#immigration,1227369717175812096,cooccur,1
#politics,#mondialism,1227369717175812096,cooccur,1
#politics,#internationalrelations,1227369717175812096,cooccur,1
#politics,#rochesternh,1227029635227099137,cooccur,1
#smartcity,#industry,1226931101702270977,cooccur,1
#smartcity,#academicchatter,1226931101702270977,cooccur,1
#smartcity,#sovereignty,1226931101702270977,cooccur,1
#smartcity,#independence,1226931101702270977,cooccur,1
#euforeignpolicy,#memberstates,1233327360876912640,cooccur,1
#smears,#antisemitism,1223658684900958208,cooccur,1
#smears,#propaganda,1223658684900958208,cooccur,1
#smears,#mediabias,1223658684900958208,cooccur,1
#climatecrisis,#circulareconomy,1228281228970930176,cooccur,1
#climatecrisis,#constitutionalreforms,1228281228970930176,cooccur,1
#climatecrisis,#industry40,1228281228970930176,cooccur,1
#climatecrisis,#polscienceresearch,1228281228970930176,cooccur,1
#thread,#threadscriptor,1232000806674731008,cooccur,1
#thread,#coronavirus,1232000806674731008,cooccur,1
#thread,#covid19,1232000806674731008,cooccur,1
#thread,#experts,1232000806674731008,cooccur,1
#southafrica,#race,1225092364215242753,cooccur,1
#southafrica,#poverty,1225092364215242753,cooccur,1
#southafrica,#class,1225092364215242753,cooccur,1
#southafrica,#inequality,1225092364215242753,cooccur,1
#fitn,#keenenh,1227029635227099137,cooccur,1
#fitn,#nhpolitics,1227029635227099137,cooccur,1
#fitn,#nhprimary,1227029635227099137,cooccur,1
#fitn,#somersworthnh,1227029635227099137,cooccur,1
#fitn,#mht,1227029635227099137,cooccur,1
#fitn,#unh,1227029635227099137,cooccur,1
#fitn,#durhamnh,1227029635227099137,cooccur,1
#fitn,#manchesternh,1227029635227099137,cooccur,1
#fitn,#newhampshire,1227029635227099137,cooccur,1
#fitn,#sustainable,1227029635227099137,cooccur,1
#fitn,#portsmouthnh,1227029635227099137,cooccur,1
#fitn,#rochesternh,1227029635227099137,cooccur,1
#fitn,#politics,1227029635227099137,cooccur,1
#future,#climate,1228673047852392448,cooccur,1
#future,#jobs,1228615133217349632,cooccur,1
#future,#intelligence,1228673047852392448,cooccur,1
#23febbraio,#bergoglio,1231596347469508608,cooccur,1
#23febbraio,#chiesa,1231596347469508608,cooccur,1
#volatility,#tradewars,1228638397041979392,cooccur,1
#volatility,#viruses,1228638397041979392,cooccur,1
#volatility,#trader,1228638397041979392,cooccur,1
#volatility,#50cent,1228638397041979392,cooccur,1
#volatility,#long,1228638397041979392,cooccur,1
#volatility,#bonds,1228638397041979392,cooccur,1
#volatility,#stocks,1228638397041979392,cooccur,1
#volatility,#vix,1228638397041979392,cooccur,1
#conflicts,#climatechange,1229470428277723138,cooccur,1
#conflicts,#cvi,1229470428277723138,cooccur,1
#conflicts,#terror,1229470428277723138,cooccur,1
#freedom,#independenceday,1223721636744040448,cooccur,1
#freedom,#brexitday,1223721636744040448,cooccur,1
#freedom,#communist,1226957338868961282,cooccur,1
#freedom,#brexitparty,1223721636744040448,cooccur,1
#nz,#intolerance,1230744188443975682,cooccur,1
#nz,#nzpol,1230744188443975682,cooccur,1
#nz,#fascism,1230744188443975682,cooccur,1
#nz,#rwterriorism,1230744188443975682,cooccur,1
#stevebannon,#matthewelliott,1230776308751372289,cooccur,1
#stevebannon,#farage,1230776308751372289,cooccur,1
#stevebannon,#arronbanks,1230776308751372289,cooccur,1
#stevebannon,#borisjohnon,1230776308751372289,cooccur,1
#stevebannon,#questalegaéunavergogna,1230269791686057989,cooccur,1
#stevebannon,#lebestia,1230269791686057989,cooccur,1
#stevebannon,#tuftonstreet,1230776308751372289,cooccur,1
#stevebannon,#voteleave,1230776308751372289,cooccur,1
#stevebannon,#gove,1230776308751372289,cooccur,1
#stevebannon,#taxpayeralliance,1230776308751372289,cooccur,1
#stevebannon,#russia,1230776308751372289,cooccur,1
#stevebannon,#brexitcentral,1230776308751372289,cooccur,1
#stevebannon,#ukip,1230776308751372289,cooccur,1
#classicalliberalism,#maga,1229049687551946752,cooccur,1
#mbc,#racist,1232646840488726528,cooccur,1
#mbc,#xenophobic,1232646840488726528,cooccur,1
#mbc,#covid19,1232646840488726528,cooccur,1
#mbc,#fearmongering,1232646840488726528,cooccur,1
#mbc,#antiintellectualism,1232646840488726528,cooccur,1
#国会,#partisanship,1227793571505307649,cooccur,1
#国会,#ひるおび,1227793571505307649,cooccur,1
#国会,#反グレjapan,1227793571505307649,cooccur,1
#国会,#八ッ場ダム,1227793571505307649,cooccur,1
#国会,#さかなクン,1227793571505307649,cooccur,1
#nh,#keenenh,1227029635227099137,cooccur,1
#nh,#nhpolitics,1227029635227099137,cooccur,1
#nh,#nhprimary,1227029635227099137,cooccur,1
#nh,#somersworthnh,1227029635227099137,cooccur,1
#nh,#mht,1227029635227099137,cooccur,1
#nh,#fitn,1227029635227099137,cooccur,1
#nh,#unh,1227029635227099137,cooccur,1
#nh,#durhamnh,1227029635227099137,cooccur,1
#nh,#manchesternh,1227029635227099137,cooccur,1
#nh,#newhampshire,1227029635227099137,cooccur,1
#nh,#sustainable,1227029635227099137,cooccur,1
#nh,#portsmouthnh,1227029635227099137,cooccur,1
#nh,#rochesternh,1227029635227099137,cooccur,1
#nh,#politics,1227029635227099137,cooccur,1
#さかなクン,#partisanship,1227793571505307649,cooccur,1
#さかなクン,#反グレjapan,1227793571505307649,cooccur,1
#さかなクン,#八ッ場ダム,1227793571505307649,cooccur,1
#さかなクン,#ひるおび,1227793571505307649,cooccur,1
#nationalpopulism,#maga,1229049687551946752,cooccur,1
#nationalpopulism,#classicalliberalism,1229049687551946752,cooccur,1
#socialmedia,#lakestar,1228061674785136640,cooccur,1
#socialmedia,#commentary,1228061674785136640,cooccur,1
#management,#experts,1224740277820305415,cooccur,1
#management,#publicpolicy,1224740277820305415,cooccur,1
#management,#nudge,1224740277820305415,cooccur,1
#management,#policymaking,1224740277820305415,cooccur,1
#moneylaundering,#stevebannon,1230776308751372289,cooccur,1
#moneylaundering,#matthewelliott,1230776308751372289,cooccur,1
#moneylaundering,#farage,1230776308751372289,cooccur,1
#moneylaundering,#arronbanks,1230776308751372289,cooccur,1
#moneylaundering,#racism,1230850519519973377,cooccur,1
#moneylaundering,#borisjohnon,1230776308751372289,cooccur,1
#moneylaundering,#debt,1230850519519973377,cooccur,1
#moneylaundering,#voteleave,1230776308751372289,cooccur,1
#moneylaundering,#tuftonstreet,1230776308751372289,cooccur,1
#moneylaundering,#newworldorder,1230850519519973377,cooccur,1
#moneylaundering,#gove,1230776308751372289,cooccur,1
#moneylaundering,#taxpayeralliance,1230776308751372289,cooccur,1
#moneylaundering,#russia,1230776308751372289,cooccur,1
#moneylaundering,#brexitcentral,1230776308751372289,cooccur,1
#moneylaundering,#ukip,1230776308751372289,cooccur,1
#racist,#xenophobic,1232646840488726528,cooccur,1
#racist,#covid19,1232646840488726528,cooccur,1
#racist,#fearmongering,1232646840488726528,cooccur,1
#racist,#antiintellectualism,1232646840488726528,cooccur,1
#ireland,#antisemitism,1230233971486810113,cooccur,1
#ireland,#irish,1226957338868961282,cooccur,1
#ireland,#sinnfein,1230233971486810113,cooccur,1
#ireland,#racism,1230233971486810113,cooccur,1
#ireland,#hate,1230233971486810113,cooccur,1
#ireland,#freedom,1226957338868961282,cooccur,1
#ireland,#communist,1226957338868961282,cooccur,1
#ireland,#politics,1230233971486810113,cooccur,1
#ireland,#israel,1230233971486810113,cooccur,1
#cooperatives,#smartcity,1226931101702270977,cooccur,1
#cooperatives,#industry,1226931101702270977,cooccur,1
#cooperatives,#academicchatter,1226931101702270977,cooccur,1
#cooperatives,#sovereignty,1226931101702270977,cooccur,1
#cooperatives,#independence,1226931101702270977,cooccur,1
#independence,#academicchatter,1226931101702270977,cooccur,1
#endglobalism,#maga,1225929716349231104,cooccur,1
#partnerships,#alliances,1230523285382860801,cooccur,1
#newhampshire,#keenenh,1227029635227099137,cooccur,1
#newhampshire,#durhamnh,1227029635227099137,cooccur,1
#newhampshire,#somersworthnh,1227029635227099137,cooccur,1
#newhampshire,#unh,1227029635227099137,cooccur,1
#newhampshire,#mht,1227029635227099137,cooccur,1
#newhampshire,#portsmouthnh,1227029635227099137,cooccur,1
#newhampshire,#primaries,1228357932724695042,cooccur,1
#newhampshire,#manchesternh,1227029635227099137,cooccur,1
#newhampshire,#rochesternh,1227029635227099137,cooccur,1
#love,#capitalism,1228692968888033281,cooccur,1
#love,#corporateaccountability,1228692968888033281,cooccur,1
#love,#2ndamendment,1228692968888033281,cooccur,1
#love,#revolucionviva,1228692968888033281,cooccur,1
#policymaking,#experts,1224740277820305415,cooccur,1
#policymaking,#publicpolicy,1224740277820305415,cooccur,1
#policymaking,#nudge,1224740277820305415,cooccur,1
#ewis2020,#anxiety,1229367297023893504,cooccur,1
#communism,#fascism,1227600663280017409,cooccur,1
#selfdetermination,#individualism,1223484208498253831,cooccur,1
#selfdetermination,#minorityrights,1223484208498253831,cooccur,1
#selfdetermination,#nationalism,1223484208498253831,cooccur,1
#selfdetermination,#selfrule,1223484208498253831,cooccur,1
#selfdetermination,#republic,1223484208498253831,cooccur,1
#selfdetermination,#separatism,1223484208498253831,cooccur,1
#selfdetermination,#socereign,1223484208498253831,cooccur,1
#selfdetermination,#basicrights,1223484208498253831,cooccur,1
#selfdetermination,#humanrights,1223484208498253831,cooccur,1
#socereign,#minorityrights,1223484208498253831,cooccur,1
#socereign,#nationalism,1223484208498253831,cooccur,1
#socereign,#selfrule,1223484208498253831,cooccur,1
#socereign,#republic,1223484208498253831,cooccur,1
#socereign,#separatism,1223484208498253831,cooccur,1
#socereign,#basicrights,1223484208498253831,cooccur,1
#socereign,#humanrights,1223484208498253831,cooccur,1
#nhprimary,#keenenh,1227029635227099137,cooccur,1
#nhprimary,#sustainable,1227029635227099137,cooccur,1
#nhprimary,#somersworthnh,1227029635227099137,cooccur,1
#nhprimary,#mht,1227029635227099137,cooccur,1
#nhprimary,#unh,1227029635227099137,cooccur,1
#nhprimary,#durhamnh,1227029635227099137,cooccur,1
#nhprimary,#manchesternh,1227029635227099137,cooccur,1
#nhprimary,#newhampshire,1227029635227099137,cooccur,1
#nhprimary,#nhpolitics,1227029635227099137,cooccur,1
#nhprimary,#portsmouthnh,1227029635227099137,cooccur,1
#nhprimary,#rochesternh,1227029635227099137,cooccur,1
#nhprimary,#politics,1227029635227099137,cooccur,1
#merkel,#cdu,1226875533352472576,cooccur,1
#merkel,#nationalism,1226875533352472576,cooccur,1
#merkel,#germany,1226897179111043073,cooccur,1
#farage,#tuftonstreet,1230776308751372289,cooccur,1
#farage,#arronbanks,1230776308751372289,cooccur,1
#farage,#gove,1230776308751372289,cooccur,1
#farage,#borisjohnon,1230776308751372289,cooccur,1
#farage,#taxpayeralliance,1230776308751372289,cooccur,1
#farage,#voteleave,1230776308751372289,cooccur,1
#farage,#russia,1230776308751372289,cooccur,1
#farage,#brexitcentral,1230776308751372289,cooccur,1
#farage,#ukip,1230776308751372289,cooccur,1
#news,#truth,1227341824836218881,cooccur,1
#news,#journalism,1227341824836218881,cooccur,1
#climate,#jobs,1228615133217349632,cooccur,1
#climate,#intelligence,1228673047852392448,cooccur,1
#neoliberalism,#democracy,1232777785258717184,cooccur,1
#neoliberalism,#class,1225092364215242753,cooccur,1
#neoliberalism,#inequality,1232777785258717184,cooccur,1
#neoliberalism,#southafrica,1225092364215242753,cooccur,1
#neoliberalism,#poverty,1225092364215242753,cooccur,1
#neoliberalism,#liberal,1225092364215242753,cooccur,1
#neoliberalism,#race,1225092364215242753,cooccur,1
#rassemblementnational,#farright,1233312018523926528,cooccur,1
#rassemblementnational,#covid,1233312018523926528,cooccur,1
#rassemblementnational,#covid19italy,1233312018523926528,cooccur,1
#rassemblementnational,#covid2019,1233312018523926528,cooccur,1
#rassemblementnational,#coronavirus,1233312018523926528,cooccur,1
#rassemblementnational,#fpoe,1233312018523926528,cooccur,1
#rassemblementnational,#covidー19,1233312018523926528,cooccur,1
#rassemblementnational,#svp,1233312018523926528,cooccur,1
#vivalarevelución,#ifb,1227889321887387649,cooccur,1
#vivalarevelución,#ados,1227508772467200002,cooccur,1
#vivalarevelución,#berniesanders2020,1227889321887387649,cooccur,1
#polarization,#continuism,1230957202032164866,cooccur,1
#polarization,#posttruth,1230957202032164866,cooccur,1
#long,#vix,1228638397041979392,cooccur,1
#long,#trader,1228638397041979392,cooccur,1
#long,#50cent,1228638397041979392,cooccur,1
#afd,#farright,1231195845804118017,cooccur,1
#afd,#cdu,1225053464981577729,cooccur,1
#afd,#thuringia,1231195845804118017,cooccur,1
#afd,#rightwing,1231195845804118017,cooccur,1
#experts,#covid19,1232000806674731008,cooccur,1
#experts,#nudge,1224740277820305415,cooccur,1
#greennewdeal,#cohesion,1230439382953361416,cooccur,1
#greennewdeal,#eescplenary,1230439382953361416,cooccur,1
#greennewdeal,#justtransition,1230439382953361416,cooccur,1
#greennewdeal,#euco,1230439382953361416,cooccur,1
#greennewdeal,#eubudget,1230439382953361416,cooccur,1
#mybloglover,#throwbackphoto,1229306262258667521,cooccur,1
#mybloglover,#photooftheday,1229306262258667521,cooccur,1
#mybloglover,#mypics,1229306262258667521,cooccur,1
#mybloglover,#mypersonalblog,1229306262258667521,cooccur,1
#mybloglover,#picoftheday,1229306262258667521,cooccur,1
#holocaust,#farright,1226413670235869184,cooccur,1
#holocaust,#holocaustremembrance,1226413670235869184,cooccur,1
#holocaust,#auschwitz,1226413670235869184,cooccur,1
#data,#populist,1227142740531712000,cooccur,1
#individualism,#minorityrights,1223484208498253831,cooccur,1
#individualism,#nationalism,1223484208498253831,cooccur,1
#individualism,#selfrule,1223484208498253831,cooccur,1
#individualism,#republic,1223484208498253831,cooccur,1
#individualism,#separatism,1223484208498253831,cooccur,1
#individualism,#socereign,1223484208498253831,cooccur,1
#individualism,#basicrights,1223484208498253831,cooccur,1
#individualism,#humanrights,1223484208498253831,cooccur,1
#death,#gilletsjaunes,1224257809317007362,cooccur,1
#death,#globalism,1224257809317007362,cooccur,1
#salvini,#immigration,1227651234007584769,cooccur,1
#ai,#technopolitics,1226931101702270977,cooccur,1
#ai,#bigdata,1226931101702270977,cooccur,1
#ai,#smartcity,1226931101702270977,cooccur,1
#ai,#industry,1226931101702270977,cooccur,1
#ai,#academicchatter,1226931101702270977,cooccur,1
#ai,#cooperatives,1226931101702270977,cooccur,1
#ai,#neuronalnetworks,1226931101702270977,cooccur,1
#ai,#iot,1226931101702270977,cooccur,1
#ai,#independence,1226931101702270977,cooccur,1
#ai,#sovereignty,1226931101702270977,cooccur,1
#berniewon,#berniesanders,1231417079783469056,cooccur,1
#berniewon,#nevadacaucus,1231417079783469056,cooccur,1
#berniewon,#bernie2020,1231417079783469056,cooccur,1
#berniewon,#nvcaucus,1231417079783469056,cooccur,1
#berniewon,#nvcaucus2020,1231417079783469056,cooccur,1
#berniewon,#nvdemscaucus,1231417079783469056,cooccur,1
#conservatives,#cantblameme,1228794844425801728,cooccur,1
#conservatives,#cpac2020,1228794844425801728,cooccur,1
#stateoftheunion,#nationalism,1224886066961944578,cooccur,1
#warcriminal,#iraqwar,1226572857066565632,cooccur,1
#warcriminal,#tonyblair,1226572857066565632,cooccur,1
#warcriminal,#mbs,1226572857066565632,cooccur,1
#warcriminal,#chainsaw_prince,1226572857066565632,cooccur,1
#warcriminal,#jamalkhashoggi,1226572857066565632,cooccur,1
#progress,#marketeconomy,1232747543227817985,cooccur,1
#progress,#sustainable,1232747543227817985,cooccur,1
#progress,#globalgrowth,1232747543227817985,cooccur,1
#progress,#future,1232747543227817985,cooccur,1
#globalism,#gilletsjaunes,1224257809317007362,cooccur,1
#globalism,#kag,1223639941776887808,cooccur,1
#globalism,#nationalism,1229039472731402240,cooccur,1
#globalism,#inequality,1229039472731402240,cooccur,1
#amundiwif20,#tippingpoints,1225369824248901632,cooccur,1
#irish,#freedom,1226957338868961282,cooccur,1
#irish,#communist,1226957338868961282,cooccur,1
#climatechangeisreal,#gretathunberg,1230805035023503360,cooccur,1
#climatechangeisreal,#climateemergencynow,1230805035023503360,cooccur,1
#climatechangeisreal,#fridaysforfuture,1230805035023503360,cooccur,1
#climatechangeisreal,#climateemergency,1230805035023503360,cooccur,1
#trump,#brexit,1228413201890598914,cooccur,1
#trump,#nationalism,1232107780112338947,cooccur,1
#trump,#democracy,1228413201890598914,cooccur,1
#trump,#resistance,1228413201890598914,cooccur,1
#trump,#immigration,1225059475746381825,cooccur,1
#trump,#coronavirusoutbreak,1232708933816471552,cooccur,1
#italy,#brexit,1230850519519973377,cooccur,1
#italy,#lega,1225315359848308736,cooccur,1
#italy,#matthewelliott,1230776308751372289,cooccur,1
#italy,#salvini,1227192722592862208,cooccur,1
#italy,#voteleave,1230776308751372289,cooccur,1
#italy,#arronbanks,1230776308751372289,cooccur,1
#italy,#racism,1230850519519973377,cooccur,1
#italy,#debt,1230850519519973377,cooccur,1
#italy,#eu,1225315359848308736,cooccur,1
#italy,#newworldorder,1230850519519973377,cooccur,1
#italy,#gove,1230776308751372289,cooccur,1
#italy,#eufunds,1226601763308015616,cooccur,1
#italy,#stevebannon,1230776308751372289,cooccur,1
#italy,#russia,1230776308751372289,cooccur,1
#italy,#ukip,1230776308751372289,cooccur,1
#italy,#farright,1230850519519973377,cooccur,1
#italy,#france,1225560175936974848,cooccur,1
#italy,#farage,1230776308751372289,cooccur,1
#italy,#borisjohnon,1230776308751372289,cooccur,1
#italy,#uk,1230850519519973377,cooccur,1
#italy,#tuftonstreet,1230776308751372289,cooccur,1
#italy,#moneylaundering,1230850519519973377,cooccur,1
#italy,#taxpayeralliance,1230776308751372289,cooccur,1
#italy,#brexitcentral,1230776308751372289,cooccur,1
#italy,#fraud,1230850519519973377,cooccur,1
#climateemergencynow,#gretathunberg,1230805035023503360,cooccur,1
#climateemergencynow,#fridaysforfuture,1230805035023503360,cooccur,1
#climateemergencynow,#climateemergency,1230805035023503360,cooccur,1
#diversity,#instability,1227369717175812096,cooccur,1
#diversity,#internationalrelations,1227369717175812096,cooccur,1
#diversity,#peace,1227369717175812096,cooccur,1
#semiotica,#semiotics,1228019568892882950,cooccur,1
#sdgs,#climatechange,1229470428277723138,cooccur,1
#sdgs,#cvi,1229470428277723138,cooccur,1
#sdgs,#terror,1229470428277723138,cooccur,1
#sdgs,#conflicts,1229470428277723138,cooccur,1
#technopolitics,#smartcity,1226931101702270977,cooccur,1
#technopolitics,#industry,1226931101702270977,cooccur,1
#technopolitics,#academicchatter,1226931101702270977,cooccur,1
#technopolitics,#cooperatives,1226931101702270977,cooccur,1
#technopolitics,#iot,1226931101702270977,cooccur,1
#technopolitics,#independence,1226931101702270977,cooccur,1
#technopolitics,#sovereignty,1226931101702270977,cooccur,1
#globalgrowth,#sustainable,1232747543227817985,cooccur,1
#globalgrowth,#future,1232747543227817985,cooccur,1
#危機管理,#八ッ場ダム,1227793571505307649,cooccur,1
#危機管理,#辻本,1227793571505307649,cooccur,1
#危機管理,#さかなクン,1227793571505307649,cooccur,1
#危機管理,#partisanship,1227793571505307649,cooccur,1
#危機管理,#国会,1227793571505307649,cooccur,1
#危機管理,#反グレjapan,1227793571505307649,cooccur,1
#危機管理,#ひるおび,1227793571505307649,cooccur,1
#authoritarianism,#farright,1233324547845156865,cooccur,1
#authoritarianism,#mondialism,1227369717175812096,cooccur,1
#authoritarianism,#democraticdebate,1228630845604401158,cooccur,1
#authoritarianism,#instability,1227369717175812096,cooccur,1
#authoritarianism,#immigration,1227369717175812096,cooccur,1
#authoritarianism,#diversity,1227369717175812096,cooccur,1
#authoritarianism,#internationalrelations,1227369717175812096,cooccur,1
#authoritarianism,#peace,1227369717175812096,cooccur,1
#eu,#lega,1225315359848308736,cooccur,1
#eu,#disintegration,1231890461477998592,cooccur,1
#eu,#integration,1231890461477998592,cooccur,1
#eu,#kag2020,1224519426617135106,cooccur,1
#eu,#wwg1wga,1224519426617135106,cooccur,1
#eu,#europe,1231890461477998592,cooccur,1
#eu,#qanon,1224519426617135106,cooccur,1
#liberal,#democracy,1225092364215242753,cooccur,1
#liberal,#class,1225092364215242753,cooccur,1
#liberal,#inequality,1225092364215242753,cooccur,1
#liberal,#southafrica,1225092364215242753,cooccur,1
#liberal,#poverty,1225092364215242753,cooccur,1
#liberal,#race,1225092364215242753,cooccur,1
#nhdebate,#unity,1225954131808071680,cooccur,1
#intelligence,#jobs,1228615133217349632,cooccur,1
#eubudget,#cohesion,1230439382953361416,cooccur,1
#eubudget,#eescplenary,1230439382953361416,cooccur,1
#eubudget,#euaddedvalue,1230785570273726464,cooccur,1
#eubudget,#euco,1230439382953361416,cooccur,1
#demdebate,#gnd,1232553098247200770,cooccur,1
#demdebate,#m4a,1232553098247200770,cooccur,1
#coronavirus,#farright,1233312018523926528,cooccur,1
#coronavirus,#interdependence,1233116956632338433,cooccur,1
#coronavirus,#crisis,1230737929699377153,cooccur,1
#coronavirus,#covid19italy,1233312018523926528,cooccur,1
#coronavirus,#racism,1230737929699377153,cooccur,1
#coronavirus,#science,1233116956632338433,cooccur,1
#coronavirus,#global,1233116956632338433,cooccur,1
#coronavirus,#covidー19,1233312018523926528,cooccur,1
#coronavirus,#covid,1233312018523926528,cooccur,1
#coronavirus,#duterte,1230737929699377153,cooccur,1
#coronavirus,#covid2019,1233312018523926528,cooccur,1
#coronavirus,#experts,1232000806674731008,cooccur,1
#coronavirus,#threadscriptor,1232000806674731008,cooccur,1
#coronavirus,#covid19,1232000806674731008,cooccur,1
#coronavirus,#politics,1230737929699377153,cooccur,1
#coronavirus,#health,1230737929699377153,cooccur,1
#inflation,#housing,1224721036706484227,cooccur,1
#inflation,#investments,1224721036706484227,cooccur,1
#inflation,#education,1224721036706484227,cooccur,1
#inflation,#finance,1232070320896593921,cooccur,1
#inflation,#healthcare,1224721036706484227,cooccur,1
#inflation,#economy,1232070320896593921,cooccur,1
#inflation,#wage,1232070320896593921,cooccur,1
#politica,#semiotics,1228019568892882950,cooccur,1
#politica,#semiotica,1228019568892882950,cooccur,1
#craftcannabis,#people,1224385074562502658,cooccur,1
#borisjohnson,#populists,1226871105111175170,cooccur,1
#mbs,#chainsaw_prince,1226572857066565632,cooccur,1
#mbs,#jamalkhashoggi,1226572857066565632,cooccur,1
#globalcrisis,#ourfutureonearth,1233056951153590273,cooccur,1
#china,#donaldtrump,1225481420522565634,cooccur,1
#china,#nationalconservatism,1225481420522565634,cooccur,1
#china,#politicsideas,1225482239452106752,cooccur,1
#thuringia,#afd,1225053464981577729,cooccur,1
#thuringia,#cdu,1225053464981577729,cooccur,1
#thuringia,#rightwing,1231195845804118017,cooccur,1
#thuringia,#farright,1231195845804118017,cooccur,1
#holocaustremembrance,#farright,1226413670235869184,cooccur,1
#holocaustremembrance,#auschwitz,1226413670235869184,cooccur,1
#altnews,#berniesanders,1231417079783469056,cooccur,1
#altnews,#nevadacaucus,1231417079783469056,cooccur,1
#altnews,#bernie2020,1231417079783469056,cooccur,1
#altnews,#berniewon,1231417079783469056,cooccur,1
#altnews,#nvcaucus,1231417079783469056,cooccur,1
#altnews,#nvcaucus2020,1231417079783469056,cooccur,1
#altnews,#nvdemscaucus,1231417079783469056,cooccur,1
#interdependence,#global,1233116956632338433,cooccur,1
#liberalpopulism,#cartelparty,1232360839291834368,cooccur,1
#firstview,#apsr,1224650078557822976,cooccur,1
#factcheck,#transperancy,1233466875167825921,cooccur,1
#neverbernie,#nevertrump,1231727247305785344,cooccur,1
#neverbernie,#tiredofcults,1231727247305785344,cooccur,1
#neverbernie,#charactermatters,1231727247305785344,cooccur,1
#illiberalism,#academictwitter,1233465303583117314,cooccur,1
#illiberalism,#slovakia,1233465303583117314,cooccur,1
#lists,#exclusivity,1228456219121201152,cooccur,1
#lists,#purity,1228456219121201152,cooccur,1
#lists,#dogma,1228456219121201152,cooccur,1
#lists,#cantmakethisup,1228456219121201152,cooccur,1
#monaazura,#throwbackphoto,1229306262258667521,cooccur,1
#monaazura,#photooftheday,1229306262258667521,cooccur,1
#monaazura,#mybloglover,1229306262258667521,cooccur,1
#monaazura,#picoftheday,1229306262258667521,cooccur,1
#monaazura,#jeramipadi,1229306262258667521,cooccur,1
#monaazura,#jeramigulung,1229306262258667521,cooccur,1
#monaazura,#jeramigulungviral,1229306262258667521,cooccur,1
#monaazura,#pestaangintimurperlis,1229306262258667521,cooccur,1
#monaazura,#mydailyjournal,1229306262258667521,cooccur,1
#monaazura,#mypersonalblog,1229306262258667521,cooccur,1
#monaazura,#mypics,1229306262258667521,cooccur,1
#gender,#feminist,1232235120486240256,cooccur,1
#gender,#feministpolitics,1225719910959022080,cooccur,1
#辻本,#八ッ場ダム,1227793571505307649,cooccur,1
#辻本,#さかなクン,1227793571505307649,cooccur,1
#辻本,#partisanship,1227793571505307649,cooccur,1
#辻本,#国会,1227793571505307649,cooccur,1
#辻本,#反グレjapan,1227793571505307649,cooccur,1
#辻本,#ひるおび,1227793571505307649,cooccur,1
#science,#interdependence,1233116956632338433,cooccur,1
#science,#global,1233116956632338433,cooccur,1
#wage,#finance,1232070320896593921,cooccur,1
#wage,#economy,1232070320896593921,cooccur,1
#risers,#seculartalk,1228630845604401158,cooccur,1
#risers,#democraticdebate,1228630845604401158,cooccur,1
#risers,#authoritarianism,1228630845604401158,cooccur,1
#risers,#tytlive,1228630845604401158,cooccur,1
#neuronalnetworks,#technopolitics,1226931101702270977,cooccur,1
#neuronalnetworks,#bigdata,1226931101702270977,cooccur,1
#neuronalnetworks,#smartcity,1226931101702270977,cooccur,1
#neuronalnetworks,#industry,1226931101702270977,cooccur,1
#neuronalnetworks,#academicchatter,1226931101702270977,cooccur,1
#neuronalnetworks,#cooperatives,1226931101702270977,cooccur,1
#neuronalnetworks,#iot,1226931101702270977,cooccur,1
#neuronalnetworks,#independence,1226931101702270977,cooccur,1
#neuronalnetworks,#sovereignty,1226931101702270977,cooccur,1
#covid19italy,#covid,1233312018523926528,cooccur,1
#fyi,#farright,1233376875075993601,cooccur,1
#fyi,#fascism,1233376875075993601,cooccur,1
#2ndamendment,#revolucionviva,1228692968888033281,cooccur,1
#2ndamendment,#corporateaccountability,1228692968888033281,cooccur,1
#durhamnh,#portsmouthnh,1227029635227099137,cooccur,1
#durhamnh,#somersworthnh,1227029635227099137,cooccur,1
#durhamnh,#rochesternh,1227029635227099137,cooccur,1
#tsipras,#leftwing,1227611773991297024,cooccur,1
#usforeignpolicy,#nationalsecurity,1228682893146365952,cooccur,1
#basicrights,#separatism,1223484208498253831,cooccur,1
#basicrights,#nationalism,1223484208498253831,cooccur,1
#basicrights,#selfrule,1223484208498253831,cooccur,1
#basicrights,#humanrights,1223484208498253831,cooccur,1
#annegretkrampkarrenbauer,#cdu,1226875533352472576,cooccur,1
#annegretkrampkarrenbauer,#nationalism,1226875533352472576,cooccur,1
#annegretkrampkarrenbauer,#merkel,1226875533352472576,cooccur,1
#realignment,#newcoalition,1229843836639174656,cooccur,1
#realignment,#podcast,1229843836639174656,cooccur,1
#realignment,#bernie2020,1229843836639174656,cooccur,1
#marketeconomy,#sustainable,1232747543227817985,cooccur,1
#marketeconomy,#globalgrowth,1232747543227817985,cooccur,1
#marketeconomy,#future,1232747543227817985,cooccur,1
#qanon,#kag2020,1224519426617135106,cooccur,1
#radicalism,#extremism,1227240801257738240,cooccur,1
#radicalism,#ecprgc20,1227237841547083776,cooccur,1
#radicalism,#socialmovements,1224271646502146049,cooccur,1
#racism,#stevebannon,1230776308751372289,cooccur,1
#racism,#matthewelliott,1230776308751372289,cooccur,1
#racism,#democracy,1228586920701071360,cooccur,1
#racism,#farage,1230776308751372289,cooccur,1
#racism,#arronbanks,1230776308751372289,cooccur,1
#racism,#hate,1230233971486810113,cooccur,1
#racism,#borisjohnon,1230776308751372289,cooccur,1
#racism,#debt,1230850519519973377,cooccur,1
#racism,#voteleave,1230776308751372289,cooccur,1
#racism,#hongkong,1228586920701071360,cooccur,1
#racism,#tuftonstreet,1230776308751372289,cooccur,1
#racism,#gove,1230776308751372289,cooccur,1
#racism,#taxpayeralliance,1230776308751372289,cooccur,1
#racism,#ukip,1230776308751372289,cooccur,1
#racism,#russia,1230776308751372289,cooccur,1
#racism,#brexitcentral,1230776308751372289,cooccur,1
#racism,#politics,1230737929699377153,cooccur,1
#racism,#israel,1230233971486810113,cooccur,1
#mht,#keenenh,1227029635227099137,cooccur,1
#mht,#durhamnh,1227029635227099137,cooccur,1
#mht,#somersworthnh,1227029635227099137,cooccur,1
#mht,#unh,1227029635227099137,cooccur,1
#mht,#portsmouthnh,1227029635227099137,cooccur,1
#mht,#rochesternh,1227029635227099137,cooccur,1
#neonazis,#whitenationalist,1226471863607603202,cooccur,1
#neonazis,#racistbastards,1226471863607603202,cooccur,1
#effmob,#vbsbankheist,1233272320304787456,cooccur,1
#effmob,#southafricans,1233272320304787456,cooccur,1
#effmob,#corruption,1233272320304787456,cooccur,1
#cantblameme,#cpac2020,1228794844425801728,cooccur,1
#jeramipadi,#throwbackphoto,1229306262258667521,cooccur,1
#jeramipadi,#photooftheday,1229306262258667521,cooccur,1
#jeramipadi,#mybloglover,1229306262258667521,cooccur,1
#jeramipadi,#picoftheday,1229306262258667521,cooccur,1
#jeramipadi,#jeramigulungviral,1229306262258667521,cooccur,1
#jeramipadi,#pestaangintimurperlis,1229306262258667521,cooccur,1
#jeramipadi,#mydailyjournal,1229306262258667521,cooccur,1
#jeramipadi,#mypersonalblog,1229306262258667521,cooccur,1
#jeramipadi,#mypics,1229306262258667521,cooccur,1
#icymi,#thread,1232000806674731008,cooccur,1
#icymi,#coronavirus,1232000806674731008,cooccur,1
#icymi,#threadscriptor,1232000806674731008,cooccur,1
#icymi,#covid19,1232000806674731008,cooccur,1
#icymi,#experts,1232000806674731008,cooccur,1
#whitenationalist,#racistbastards,1226471863607603202,cooccur,1
#bonds,#vix,1228638397041979392,cooccur,1
#bonds,#trader,1228638397041979392,cooccur,1
#bonds,#50cent,1228638397041979392,cooccur,1
#bonds,#viruses,1228638397041979392,cooccur,1
#bonds,#tradewars,1228638397041979392,cooccur,1
#bonds,#long,1228638397041979392,cooccur,1
#isitok,#fascism,1225906440478633984,cooccur,1
#europe,#disintegration,1231890461477998592,cooccur,1
#europe,#integration,1231890461477998592,cooccur,1
#crisis,#politics,1230737929699377153,cooccur,1
#crisis,#racism,1230737929699377153,cooccur,1
#メディア,#プロフェッショナリズム,1232917751049543680,cooccur,1
#メディア,#バイキング,1232917751049543680,cooccur,1
#メディア,#安藤アナ,1232917751049543680,cooccur,1
#メディア,#グッデイ,1232917751049543680,cooccur,1
#justtransition,#cohesion,1230439382953361416,cooccur,1
#justtransition,#eescplenary,1230439382953361416,cooccur,1
#justtransition,#euco,1230439382953361416,cooccur,1
#justtransition,#eubudget,1230439382953361416,cooccur,1
#investments,#education,1224721036706484227,cooccur,1
#investments,#healthcare,1224721036706484227,cooccur,1
#investments,#housing,1224721036706484227,cooccur,1
#wwg1wga,#qanon,1224519426617135106,cooccur,1
#wwg1wga,#kag2020,1224519426617135106,cooccur,1
#brexitday,#brexit,1223423647781548032,cooccur,1
#brexitday,#brexitparty,1223721636744040448,cooccur,1
#industry,#academicchatter,1226931101702270977,cooccur,1
#industry,#sovereignty,1226931101702270977,cooccur,1
#industry,#independence,1226931101702270977,cooccur,1
#thewealthparadox,#brexit,1229024011268579329,cooccur,1
#thewealthparadox,#trump,1229024011268579329,cooccur,1
